관리번호,설치장소명,시도명,시군구명,소재지도로명주소,소재지지번주소,위도,경도,상세위치,관리기관명,관리기관전화번호,데이터기준일자
A-19,귀뚜라미보일러옆,서울특별시,서초구,서울특별시 서초구 효령로67길 71-9,서울특별시 서초구 서초동 1610-4,37.48990189,127.0223502,전신주옆,서울특별시 서초구청,02-2155-6742,2025-02-18
A-14,스위트힐 ,서울특별시,서초구,서울특별시 서초구 사임당로8길 29,서울특별시 서초구 서초동 1622-9,37.48735308,127.0159509,전신주옆,서울특별시 서초구청,02-2155-6742,2025-02-18
A-24,서초꽃마을레지던스,서울특별시,서초구,서울특별시 서초구 사임당로19길 22,서울특별시 서초구 서초동 1648-1,37.49095749,127.0194429,도로변,서울특별시 서초구청,02-2155-6742,2025-02-18
A-01,지앤비서플라이,서울특별시,서초구,서울특별시 서초구 효령로66길 11,서울특별시 서초구 서초동 1438-15,37.48620102,127.0227387,전신주옆,서울특별시 서초구청,02-2155-6742,2025-02-18
A-60,유나이티드 아트리움,서울특별시,서초구,서울특별시 서초구 남부순환로339길 13,서울특별시 서초구 서초동 1432-20,37.48376206,127.02238,전신주옆,서울특별시 서초구청,02-2155-6742,2025-02-18
A-20,스타클래스,서울특별시,서초구,서울특별시 서초구 효령로67길 49-2,서울특별시 서초구 서초동 1610-20,37.48939501,127.0227142,전신주옆,서울특별시 서초구청,02-2155-6742,2025-02-18
A-11,서초뜨레피움,서울특별시,서초구,서울특별시 서초구 서리풀2길 20,서울특별시 서초구 서초동 1617-26,37.48753783,127.0218767,도로변,서울특별시 서초구청,02-2155-6742,2025-02-18
A-13,세미기업본사,서울특별시,서초구,서울특별시 서초구 서리풀길 8,서울특별시 서초구 서초동 1617-41,37.48718335,127.0210081,전신주옆,서울특별시 서초구청,02-2155-6742,2025-02-18
A-17,다부빌딩,서울특별시,서초구,서울특별시 서초구 서리풀길 16,서울특별시 서초구 서초동 1617-1,37.48779605,127.0208852,전신주옆,서울특별시 서초구청,02-2155-6742,2025-02-18
A-09,모던파크,서울특별시,서초구,서울특별시 서초구 남부순환로337길 36,서울특별시 서초구 서초동 1430-1,37.48434893,127.0206385,전신주옆,서울특별시 서초구청,02-2155-6742,2025-02-18
A-16,분토골어린이공원,서울특별시,서초구,서울특별시 서초구 사임당로14길 19,서울특별시 서초구 서초동 1628-30,37.48843373,127.0179199,전신주옆,서울특별시 서초구청,02-2155-6742,2025-02-18
A-10,공해방지빌라,서울특별시,서초구,서울특별시 서초구 효령로67길 32,서울특별시 서초구 서초동 1608-8,37.48855107,127.0234319,전신주옆,서울특별시 서초구청,02-2155-6742,2025-02-18
A-27,한국자동차산업협동조합,서울특별시,서초구,서울특별시 서초구 서초대로64길 31,서울특별시 서초구 서초동 1636-1,37.49473838,127.0210104,전기오토바이 충전소옆,서울특별시 서초구청,02-2155-6742,2025-02-18
A-15,인터아이빌딩,서울특별시,서초구,서울특별시 서초구 서초중앙로12길 27,서울특별시 서초구 서초동 1626-17,37.48796165,127.0163553,CCTV폴옆,서울특별시 서초구청,02-2155-6742,2025-02-18
A-30,갈릭&페퍼,서울특별시,서초구,서울특별시 서초구 서초대로54길 37,서울특별시 서초구 서초동 1666-2,37.49258299,127.0165016,전신주옆,서울특별시 서초구청,02-2155-6742,2025-02-18
A-23,서초현대아파트,서울특별시,서초구,서울특별시 서초구 사임당로19길 28-11,서울특별시 서초구 서초동 1643-18,37.49130147,127.0195845,가로등옆,서울특별시 서초구청,02-2155-6742,2025-02-18
A-25,서초롯데캐슬아파트,서울특별시,서초구,서울특별시 서초구 사임당로19길 72-4,서울특별시 서초구 서초동 1643-31,37.49231657,127.0188717,CCTV폴옆,서울특별시 서초구청,02-2155-6742,2025-02-18
A-31,서초구립중앙노인종합복지관,서울특별시,서초구,서울특별시 서초구 서초대로54길 45,서울특별시 서초구 서초동 1666-17,37.49232427,127.016811,전신주옆,서울특별시 서초구청,02-2155-6742,2025-02-18
A-21,상보르아파트,서울특별시,서초구,서울특별시 서초구 효령로67길 71-5,서울특별시 서초구 서초동 1610-1,37.49007126,127.0224514,전신주옆,서울특별시 서초구청,02-2155-6742,2025-02-18
A-22,아남아파트,서울특별시,서초구,서울특별시 서초구 서초대로64길 51,서울특별시 서초구 서초동 1635-10,37.49347546,127.0214178,전신주옆,서울특별시 서초구청,02-2155-6742,2025-02-18
A-29,서초태동스위트아파트,서울특별시,서초구,서울특별시 서초구 서초중앙로22길 78,서울특별시 서초구 서초동 1668-1,37.49378677,127.0181008,전신주옆,서울특별시 서초구청,02-2155-6742,2025-02-18
A-26,부동산월드,서울특별시,서초구,서울특별시 서초구 사임당로17길 113,서울특별시 서초구 서초동 1668-12,37.49336256,127.0187953,전신주옆,서울특별시 서초구청,02-2155-6742,2025-02-18
A-12,이노션 직장어린이집,서울특별시,서초구,서울특별시 서초구 사임당로14길 42,서울특별시 서초구 서초동 1619-9,37.48735048,127.0177236,도로변,서울특별시 서초구청,02-2155-6742,2025-02-18
A-28,자동차산업회관,서울특별시,서초구,서울특별시 서초구 서초대로64길 13,서울특별시 서초구 서초동 1679-6,37.49496212,127.0209245,전기오토바이 충전소옆,서울특별시 서초구청,02-2155-6742,2025-02-18
A-07,효신아트빌라,서울특별시,서초구,서울특별시 서초구 서운로11길 78,서울특별시 서초구 서초동 1350,37.48593415,127.0265646,CCTV폴옆,서울특별시 서초구청,02-2155-6742,2025-02-18
A-02,일성서초빌라,서울특별시,서초구,서울특별시 서초구 효령로74길 25,서울특별시 서초구 서초동 1349,37.48680697,127.0269,도로변,서울특별시 서초구청,02-2155-6742,2025-02-18
A-08,용허리근린공원,서울특별시,서초구,서울특별시 서초구 서초대로70길 20,서울특별시 서초구 서초동 1324,37.4945074,127.0232177,전신주옆,서울특별시 서초구청,02-2155-6742,2025-02-18
A-03,아트빌딩,서울특별시,서초구,서울특별시 서초구 서운로9길 34,서울특별시 서초구 서초동 1349-21,37.48651514,127.0272576,옥외전기분전함옆,서울특별시 서초구청,02-2155-6742,2025-02-18
A-04,양재드림빌,서울특별시,서초구,서울특별시 서초구 강남대로41길 15-14,서울특별시 서초구 서초동 1360-24,37.48646717,127.0317432,전신주옆,서울특별시 서초구청,02-2155-6742,2025-02-18
A-05,서주빌딩,서울특별시,서초구,서울특별시 서초구 강남대로45길 17-2,서울특별시 서초구 서초동 1357-48,37.48795857,127.0308941,도로변,서울특별시 서초구청,02-2155-6742,2025-02-18
A-61,KS빌딩,서울특별시,서초구,서울특별시 서초구 강남대로47길 25,서울특별시 서초구 서초동 1357,37.48843895,127.0303326,전신주옆,서울특별시 서초구청,02-2155-6742,2025-02-18
A-38,하명달어린이공원,서울특별시,서초구,서울특별시 서초구 명달로20길 21,서울특별시 서초구 서초동 1514-7,37.48609848,127.0053462,전신주옆,서울특별시 서초구청,02-2155-6742,2025-02-18
A-51,서초동 한신아파트,서울특별시,서초구,서울특별시 서초구 남부순환로323길 37,서울특별시 서초구 서초동 1451-66,37.48273308,127.0136807,전신주옆,서울특별시 서초구청,02-2155-6742,2025-02-18
A-50,황실빌라,서울특별시,서초구,서울특별시 서초구 반포대로4길 13,서울특별시 서초구 서초동 1451-76,37.48203653,127.0135563,전신주옆,서울특별시 서초구청,02-2155-6742,2025-02-18
A-54,애지앙아파트,서울특별시,서초구,서울특별시 서초구 명달로4길 82,서울특별시 서초구 서초동 1466-4,37.48071453,127.0103453,전신주옆,서울특별시 서초구청,02-2155-6742,2025-02-18
A-56,서초엘씨랜드빌,서울특별시,서초구,서울특별시 서초구 남부순환로315길 31,서울특별시 서초구 서초동 1467-70,37.47991616,127.00785,전신주옆,서울특별시 서초구청,02-2155-6742,2025-02-18
A-55,서초아트빌,서울특별시,서초구,서울특별시 서초구 명달로4길 46,서울특별시 서초구 서초동 1469-6,37.48050836,127.0083141,전신주옆,서울특별시 서초구청,02-2155-6742,2025-02-18
A-58,우리은행 서초동 제1합숙소,서울특별시,서초구,서울특별시 서초구 명달로6길 31,서울특별시 서초구 서초동 1487-63,37.48137515,127.006604,도로변,서울특별시 서초구청,02-2155-6742,2025-02-18
A-57,한우빌딩,서울특별시,서초구,서울특별시 서초구 남부순환로315길 21,서울특별시 서초구 서초동 1467-75,37.47945789,127.0080706,전신주옆,서울특별시 서초구청,02-2155-6742,2025-02-18
A-53,아이티센빌딩,서울특별시,서초구,서울특별시 서초구 반포대로1길 25,서울특별시 서초구 서초동 1474-14,37.48172615,127.0116159,전신주옆,서울특별시 서초구청,02-2155-6742,2025-02-18
A-59,우진하이빌,서울특별시,서초구,서울특별시 서초구 명달로6길 8,서울특별시 서초구 서초동 1487-139,37.48034162,127.0062178,보안등옆,서울특별시 서초구청,02-2155-6742,2025-02-18
A-06,상명달공원,서울특별시,서초구,서울특별시 서초구 효령로40길 13,서울특별시 서초구 서초동 1487-19,37.48226474,127.0060201,전신주옆,서울특별시 서초구청,02-2155-6742,2025-02-18
A-52,신중어린이공원,서울특별시,서초구,서울특별시 서초구 반포대로7길 17,서울특별시 서초구 서초동 1475-3,37.48215472,127.0111171,전신주옆,서울특별시 서초구청,02-2155-6742,2025-02-18
A-33,법무법인 명도,서울특별시,서초구,서울특별시 서초구 반포대로23길 26,서울특별시 서초구 서초동 1503-14,37.48895934,127.0074228,도로변,서울특별시 서초구청,02-2155-6742,2025-02-18
A-39,경성연립,서울특별시,서초구,서울특별시 서초구 반포대로13길 96,서울특별시 서초구 서초동 1520-1,37.4860577,127.006422,전신주옆,서울특별시 서초구청,02-2155-6742,2025-02-18
A-37,동천빌라,서울특별시,서초구,서울특별시 서초구 명달로22길 29,서울특별시 서초구 서초동 1507-60,37.48668429,127.0058274,전신주옆,서울특별시 서초구청,02-2155-6742,2025-02-18
A-35,일광빌라,서울특별시,서초구,서울특별시 서초구 명달로22길 53,서울특별시 서초구 서초동 1508-44,37.48702453,127.0070703,전신주옆,서울특별시 서초구청,02-2155-6742,2025-02-18
A-34,수진빌딩,서울특별시,서초구,서울특별시 서초구 명달로22길 73,서울특별시 서초구 서초동 1508-9,37.48775442,127.0074046,CCTV폴옆,서울특별시 서초구청,02-2155-6742,2025-02-18
A-36,호원주택,서울특별시,서초구,서울특별시 서초구 명달로22길 44-9,서울특별시 서초구 서초동 1512-9,37.48646304,127.006902,전신주옆,서울특별시 서초구청,02-2155-6742,2025-02-18
A-40,대성아트빌라,서울특별시,서초구,서울특별시 서초구 명달로16길 47,서울특별시 서초구 서초동 1519-8,37.48544052,127.006198,CCTV폴옆,서울특별시 서초구청,02-2155-6742,2025-02-18
A-41,서초칸타빌,서울특별시,서초구,서울특별시 서초구 반포대로21길 79,서울특별시 서초구 서초동 1522-8,37.4853035,127.007351,가로등옆,서울특별시 서초구청,02-2155-6742,2025-02-18
A-42,오로나빌아파트,서울특별시,서초구,서울특별시 서초구 반포대로19길 9-12,서울특별시 서초구 서초동 1523-8,37.48679513,127.0085813,전신주옆,서울특별시 서초구청,02-2155-6742,2025-02-18
A-32,진석별관,서울특별시,서초구,서울특별시 서초구 효령로49길 57,서울특별시 서초구 서초동 1529,37.48635952,127.0093698,전신주옆,서울특별시 서초구청,02-2155-6742,2025-02-18
A-43,블레스서초아파트,서울특별시,서초구,서울특별시 서초구 효령로47길 11,서울특별시 서초구 서초동 1532-10,37.48430297,127.0093564,CCTV폴옆,서울특별시 서초구청,02-2155-6742,2025-02-18
A-49,궁현어린이공원,서울특별시,서초구,서울특별시 서초구 반포대로24길 42-23,서울특별시 서초구 서초동 1546-5,37.48829134,127.0108235,전신주옆,서울특별시 서초구청,02-2155-6742,2025-02-18
A-48,연산빌딩,서울특별시,서초구,서울특별시 서초구 반포대로24길 42-4,서울특별시 서초구 서초동 1547-15,37.48918692,127.011011,도로변,서울특별시 서초구청,02-2155-6742,2025-02-18
A-47,남강빌딩,서울특별시,서초구,서울특별시 서초구 반포대로24길 41-14,서울특별시 서초구 서초동 1561-1,37.48976926,127.0117475,전신주옆,서울특별시 서초구청,02-2155-6742,2025-02-18
A-45,세계로빌딩,서울특별시,서초구,서울특별시 서초구 서초대로48길 91,서울특별시 서초구 서초동 1565-18,37.48887575,127.0124788,CCTV폴옆,서울특별시 서초구청,02-2155-6742,2025-02-18
A-44,두성빌라,서울특별시,서초구,서울특별시 서초구 반포대로24길 55,서울특별시 서초구 서초동 1562-9,37.48912349,127.0119409,전신주옆,서울특별시 서초구청,02-2155-6742,2025-02-18
A-46,서초아크빌아파트,서울특별시,서초구,서울특별시 서초구 서초대로48길 59,서울특별시 서초구 서초동 1567-1,37.49034239,127.0126118,전신주옆,서울특별시 서초구청,02-2155-6742,2025-02-18
B-42,신광주택,서울특별시,서초구,서울특별시 서초구 신반포로45길 85,서울특별시 서초구 잠원동 32-4,37.51317627,127.0159703,전신주옆,서울특별시 서초구청,02-2155-6742,2025-02-18
B-01,삼화빌라,서울특별시,서초구,서울특별시 서초구 강남대로109길 73-6,서울특별시 서초구 잠원동 10-34,37.5162633,127.0165196,전신주옆,서울특별시 서초구청,02-2155-6742,2025-02-18
B-02,잠원동방음언덕형공영주차장,서울특별시,서초구,서울특별시 서초구 강남대로101안길 41,서울특별시 서초구 잠원동 15-1,37.51565674,127.0165394,장애인경사로 입구,서울특별시 서초구청,02-2155-6742,2025-02-18
B-18,잠원동노인정,서울특별시,서초구,서울특별시 서초구 강남대로107길 24,서울특별시 서초구 잠원동 7-9,37.51788202,127.0173232,전신주옆,서울특별시 서초구청,02-2155-6742,2025-02-18
B-07,우정빌딩,서울특별시,서초구,서울특별시 서초구 신반포로41길 32,서울특별시 서초구 잠원동 44-1,37.51132427,127.0165127,전신주옆,서울특별시 서초구청,02-2155-6742,2025-02-18
B-08,신영빌딩,서울특별시,서초구,서울특별시 서초구 신반포로43길 21,서울특별시 서초구 잠원동 45-10,37.5111014,127.0175059,전신주옆,서울특별시 서초구청,02-2155-6742,2025-02-18
B-03,그린타운1차,서울특별시,서초구,서울특별시 서초구 주흥5길 20,서울특별시 서초구 반포동 730-2,37.50480294,127.0186127,전신주옆,서울특별시 서초구청,02-2155-6742,2025-02-18
B-39,언구비공원,서울특별시,서초구,서울특별시 서초구 사평대로53길 110,서울특별시 서초구 반포동 709-5,37.50911895,127.0201338,전신주옆,서울특별시 서초구청,02-2155-6742,2025-02-18
B-12,골든허니빌,서울특별시,서초구,서울특별시 서초구 주흥15길 36,서울특별시 서초구 반포동 701-38,37.50821993,127.017265,전신주옆,서울특별시 서초구청,02-2155-6742,2025-02-18
B-62,언구비공원,서울특별시,서초구,서울특별시 서초구 사평대로53길 110,서울특별시 서초구 반포동 709-5,37.50911895,127.0201338,전신주옆,서울특별시 서초구청,02-2155-6742,2025-02-18
B-38,행복빌라,서울특별시,서초구,서울특별시 서초구 주흥길 31,서울특별시 서초구 반포동 728-47,37.5058706,127.0193344,CCTV폴옆,서울특별시 서초구청,02-2155-6742,2025-02-18
B-06,그린타운1차,서울특별시,서초구,서울특별시 서초구 주흥3길 34,서울특별시 서초구 반포동 730,37.50497498,127.0183131,전신주옆,서울특별시 서초구청,02-2155-6742,2025-02-18
B-05,한양빌,서울특별시,서초구,서울특별시 서초구 주흥7길 10-4,서울특별시 서초구 반포동 728-26,37.50536467,127.0188809,전신주옆,서울특별시 서초구청,02-2155-6742,2025-02-18
B-09,효성빌라,서울특별시,서초구,서울특별시 서초구 사평대로20길 99,서울특별시 서초구 반포동 100-8,37.49497798,126.9964475,CCTV폴옆,서울특별시 서초구청,02-2155-6742,2025-02-18
B-10,덕산빌라,서울특별시,서초구,서울특별시 서초구 사평대로22길 96,서울특별시 서초구 반포동 101-7,37.49529876,126.9972609,전신주옆,서울특별시 서초구청,02-2155-6742,2025-02-18
B-11,효성빌라,서울특별시,서초구,서울특별시 서초구 사평대로14길 32,서울특별시 서초구 반포동 612-110,37.49702479,126.9941464,전신주옆,서울특별시 서초구청,02-2155-6742,2025-02-18
B-13,반포4동주민센터,서울특별시,서초구,서울특별시 서초구 사평대로28길 70,서울특별시 서초구 반포동 74-7,37.49748589,127.0003286,전신주옆,서울특별시 서초구청,02-2155-6742,2025-02-18
B-14,레이나,서울특별시,서초구,서울특별시 서초구 서래로4길 29,서울특별시 서초구 반포동 76-7,37.49699809,127.000036,도로변,서울특별시 서초구청,02-2155-6742,2025-02-18
B-15,그린하우스,서울특별시,서초구,서울특별시 서초구 서래로2길 58,서울특별시 서초구 반포동 81-10,37.49580812,127.0013979,전신주옆,서울특별시 서초구청,02-2155-6742,2025-02-18
B-16,한솔빌라,서울특별시,서초구,서울특별시 서초구 동광로49길 23,서울특별시 서초구 반포동 83-4,37.49444876,127.0021774,전신주옆,서울특별시 서초구청,02-2155-6742,2025-02-18
B-17,혜원빌리지,서울특별시,서초구,서울특별시 서초구 동광로47길 7,서울특별시 서초구 반포동 84-13,37.49412711,127.0013824,전신주옆,서울특별시 서초구청,02-2155-6742,2025-02-18
B-40,정광빌라,서울특별시,서초구,서울특별시 서초구 서래로5길 37-22,서울특별시 서초구 반포동 107-57,37.49697207,126.9959918,CCTV폴옆,서울특별시 서초구청,02-2155-6742,2025-02-18
B-35,효성빌라 정문,서울특별시,서초구,서울특별시 서초구 사평대로20길 76,서울특별시 서초구 반포동 591-1,37.49553884,126.996093,전신주옆,서울특별시 서초구청,02-2155-6742,2025-02-18
B-04,하우시빌,서울특별시,서초구,서울특별시 서초구 서래로2길 21,서울특별시 서초구 반포동 78-13,37.49612393,126.999567,전신주옆,서울특별시 서초구청,02-2155-6742,2025-02-18
B-19,대도빌라,서울특별시,서초구,서울특별시 서초구 방배로40길 31,서울특별시 서초구 방배동 12,37.49509401,126.9910321,골목끝,서울특별시 서초구청,02-2155-6742,2025-02-18
B-20,동광방범3초소,서울특별시,서초구,서울특별시 서초구 동광로27길 60,서울특별시 서초구 방배동 1-119,37.49570129,126.993873,CCTV폴옆,서울특별시 서초구청,02-2155-6742,2025-02-18
B-25,프러쉬빌라,서울특별시,서초구,서울특별시 서초구 사평대로6길 72-12,서울특별시 서초구 방배동 12-35,37.49509882,126.9915798,전신주옆,서울특별시 서초구청,02-2155-6742,2025-02-18
B-24,밸류빌,서울특별시,서초구,서울특별시 서초구 방배로40길 15-23,서울특별시 서초구 방배동 12-63,37.49562829,126.9907688,전신주옆,서울특별시 서초구청,02-2155-6742,2025-02-18
B-22,삼호빌라2차,서울특별시,서초구,서울특별시 서초구 동광로27길 120,서울특별시 서초구 방배동 732,37.49708266,126.9915851,CCTV폴옆,서울특별시 서초구청,02-2155-6742,2025-02-18
B-26,이수공영주차장 ,서울특별시,서초구,서울특별시 서초구 동광로11길 111,서울특별시 서초구 방배동 762-3,37.49612683,126.9847959,주차장 뒤쪽,서울특별시 서초구청,02-2155-6742,2025-02-18
B-23,비욘디에아파트,서울특별시,서초구,서울특별시 서초구 사평대로6길 44,서울특별시 서초구 방배동 764,37.49616487,126.9912961,전신주옆,서울특별시 서초구청,02-2155-6742,2025-02-18
B-29,유성당빌딩,서울특별시,서초구,서울특별시 서초구 사평대로2길 19-19,서울특별시 서초구 방배동 756-7,37.49704223,126.9861424,전신주옆,서울특별시 서초구청,02-2155-6742,2025-02-18
B-30,서초이화어린이집,서울특별시,서초구,서울특별시 서초구 방배로39길 42,서울특별시 서초구 방배동 769-19,37.49422224,126.9867425,도로변,서울특별시 서초구청,02-2155-6742,2025-02-18
B-27,등대순복음교회,서울특별시,서초구,서울특별시 서초구 방배로43길 37,서울특별시 서초구 방배동 769-2,37.49531485,126.9863925,전기오토바이 충전소옆,서울특별시 서초구청,02-2155-6742,2025-02-18
B-34,선명빌딩,서울특별시,서초구,서울특별시 서초구 동광로7길 28,서울특별시 서초구 방배동 789-1,37.49221021,126.9852783,CCTV폴옆,서울특별시 서초구청,02-2155-6742,2025-02-18
B-31,아스트로,서울특별시,서초구,서울특별시 서초구 방배로37길 35,서울특별시 서초구 방배동 794-1,37.49307944,126.9879262,전신주옆,서울특별시 서초구청,02-2155-6742,2025-02-18
B-45,가문실버복지센터,서울특별시,서초구,서울특별시 서초구 방배중앙로 174-9,서울특별시 서초구 방배동 769-25,37.49475247,126.9865987,CCTV폴옆,서울특별시 서초구청,02-2155-6742,2025-02-18
B-76,O627 스튜디어,서울특별시,서초구,서울특별시 서초구 방배로42길 11,서울특별시 서초구 방배동 18-21,37.49537751,126.989408,전신주옆,서울특별시 서초구청,02-2155-6742,2025-02-18
B-77,라파예트빌라,서울특별시,서초구,서울특별시 서초구 사평대로6길 91,서울특별시 서초구 방배동 1-43,37.49473078,126.9932097,전신주옆,서울특별시 서초구청,02-2155-6742,2025-02-18
B-48,몽드빌Ⅰ,서울특별시,서초구,서울특별시 서초구 방배로19길 36-16,서울특별시 서초구 방배동 321-4,37.48542776,126.99288,전신주옆,서울특별시 서초구청,02-2155-6742,2025-02-18
B-51,효성교회,서울특별시,서초구,서울특별시 서초구 서초대로34가길 43,서울특별시 서초구 방배동 889-4,37.48660045,126.9983582,교통반사경옆,서울특별시 서초구청,02-2155-6742,2025-02-18
B-64,방배동원빌라,서울특별시,서초구,서울특별시 서초구 서초대로30길 11-21,서울특별시 서초구 방배동 891-1,37.48764659,126.9972523,전신주옆,서울특별시 서초구청,02-2155-6742,2025-02-18
B-65,해경주택,서울특별시,서초구,서울특별시 서초구 서초대로34길 22,서울특별시 서초구 방배동 893-7,37.48841012,126.9982822,전신주옆,서울특별시 서초구청,02-2155-6742,2025-02-18
B-66,셀빨래방 방배점,서울특별시,서초구,서울특별시 서초구 방배로18길 13-14,서울특별시 서초구 방배동 902-12,37.48554686,126.9966041,전신주옆,서울특별시 서초구청,02-2155-6742,2025-02-18
B-56,홈스테이드,서울특별시,서초구,서울특별시 서초구 방배로11길 8,서울특별시 서초구 방배동 911-12,37.48188767,126.9960188,도로변,서울특별시 서초구청,02-2155-6742,2025-02-18
B-47,삼현빌딩,서울특별시,서초구,서울특별시 서초구 방배로22길 19,서울특별시 서초구 방배동 899-9,37.48656515,126.9957511,통신주옆,서울특별시 서초구청,02-2155-6742,2025-02-18
B-57,서초구립 방배1동 초록꿈어린이집,서울특별시,서초구,서울특별시 서초구 효령로23길 16,서울특별시 서초구 방배동 916-7,37.48116398,126.9939738,도로변,서울특별시 서초구청,02-2155-6742,2025-02-18
B-58,서초구립 방배1동 초록꿈어린이집,서울특별시,서초구,서울특별시 서초구 효령로23길 16,서울특별시 서초구 방배동 916-7,37.48116398,126.9939738,도로변,서울특별시 서초구청,02-2155-6742,2025-02-18
B-55,방배1동주민센터,서울특별시,서초구,서울특별시 서초구 효령로29길 43,서울특별시 서초구 방배동 922-18,37.48336166,126.9945139,전신주옆,서울특별시 서초구청,02-2155-6742,2025-02-18
B-59,미주하이츠빌라,서울특별시,서초구,서울특별시 서초구 효령로23길 40,서울특별시 서초구 방배동 920-28,37.48215109,126.9933709,전신주옆,서울특별시 서초구청,02-2155-6742,2025-02-18
B-61,하이택,서울특별시,서초구,서울특별시 서초구 효령로27길 74,서울특별시 서초구 방배동 927-13,37.48391619,126.9937797,통신주옆,서울특별시 서초구청,02-2155-6742,2025-02-18
B-60,서초예랑어린이집,서울특별시,서초구,서울특별시 서초구 효령로23길 82,서울특별시 서초구 방배동 929-4,37.48383097,126.9923708,전신주옆,서울특별시 서초구청,02-2155-6742,2025-02-18
B-49,샬롬빌,서울특별시,서초구,서울특별시 서초구 방배로23길 46,서울특별시 서초구 방배동 939-20,37.48575665,126.9918399,도로변,서울특별시 서초구청,02-2155-6742,2025-02-18
B-54,카페마로니에,서울특별시,서초구,서울특별시 서초구 방배로19길 14,서울특별시 서초구 방배동 935-20,37.48526971,126.9941853,전신주옆,서울특별시 서초구청,02-2155-6742,2025-02-18
B-53,코알라홈,서울특별시,서초구,서울특별시 서초구 서초대로22길 41,서울특별시 서초구 방배동 935-18,37.48545736,126.9936441,통신주옆,서울특별시 서초구청,02-2155-6742,2025-02-18
B-68,삼성아트빌,서울특별시,서초구,서울특별시 서초구 방배로18길 24-18,서울특별시 서초구 방배동 906-11,37.48480327,126.997078,전신주옆,서울특별시 서초구청,02-2155-6742,2025-02-18
B-63,선빌딩,서울특별시,서초구,서울특별시 서초구 서초대로30길 9,서울특별시 서초구 방배동 141-32,37.4878674,126.996144,전신주옆,서울특별시 서초구청,02-2155-6742,2025-02-18
B-50,델피노,서울특별시,서초구,서울특별시 서초구 방배로23길 62,서울특별시 서초구 방배동 941-17,37.48543358,126.9910159,전신주옆,서울특별시 서초구청,02-2155-6742,2025-02-18
C-25,파크캐슬,서울특별시,서초구,서울특별시 서초구 효령로21길 6,서울특별시 서초구 방배동 978-31,37.48029093,126.992877,도로변,서울특별시 서초구청,02-2155-6742,2025-02-18
C-04,남태령하천 입구,서울특별시,서초구,서울특별시 서초구 전원말안1길 10,서울특별시 서초구 방배동 2732-35,37.46706512,126.9885627,전신주옆,서울특별시 서초구청,02-2155-6742,2025-02-18
C-03,임강건설,서울특별시,서초구,서울특별시 서초구 전원말안길 21,서울특별시 서초구 방배동 2739-16,37.46759444,126.9903172,CCTV폴옆,서울특별시 서초구청,02-2155-6742,2025-02-18
C-11,녹차원 본사,서울특별시,서초구,서울특별시 서초구 도구로9길 15,서울특별시 서초구 방배동 433-1,37.48198142,126.9867608,전신주옆,서울특별시 서초구청,02-2155-6742,2025-02-18
C-21,신호빌5차,서울특별시,서초구,서울특별시 서초구 방배천로2안길 89,서울특별시 서초구 방배동 456-12,37.48098284,126.9839312,보안등옆,서울특별시 서초구청,02-2155-6742,2025-02-18
C-05,정우빌딩,서울특별시,서초구,서울특별시 서초구 방배천로24길 17,서울특별시 서초구 방배동 422-6,37.48490995,126.9844121,전신주옆,서울특별시 서초구청,02-2155-6742,2025-02-18
C-20,서초지역아동센터,서울특별시,서초구,서울특별시 서초구 방배천로8길 36,서울특별시 서초구 방배동 464-12,37.48040665,126.9846519,전신주옆,서울특별시 서초구청,02-2155-6742,2025-02-18
C-19,청두어린이공원,서울특별시,서초구,서울특별시 서초구 청두곶8길 3,서울특별시 서초구 방배동 460-23,37.48052011,126.9855369,전신주옆,서울특별시 서초구청,02-2155-6742,2025-02-18
C-01,우리분재,서울특별시,서초구,서울특별시 서초구 전원말8길 24,서울특별시 서초구 방배동 2898-5,37.46451349,126.9910396,CCTV폴옆,서울특별시 서초구청,02-2155-6742,2025-02-18
C-15,도구머리 숲놀이터 입구,서울특별시,서초구,서울특별시 서초구 도구로1길 33,서울특별시 서초구 방배동 528,37.47852876,126.9876699,전신주옆,서울특별시 서초구청,02-2155-6742,2025-02-18
C-06,사랑나눔요양센터,서울특별시,서초구,서울특별시 서초구 서초대로4길 23,서울특별시 서초구 방배동 954-1,37.484677,126.9854853,도로변,서울특별시 서초구청,02-2155-6742,2025-02-18
C-07,장애인사회연구소,서울특별시,서초구,서울특별시 서초구 서초대로4길 45,서울특별시 서초구 방배동 954-14,37.48380696,126.9860602,보안등옆,서울특별시 서초구청,02-2155-6742,2025-02-18
C-09,GS25 디에이치방배가온점,서울특별시,서초구,서울특별시 서초구 도구로 79,서울특별시 서초구 방배동 954-22,37.48369213,126.9864818,우편물보관함옆,서울특별시 서초구청,02-2155-6742,2025-02-18
C-23,요아정 방배점,서울특별시,서초구,서울특별시 서초구 방배천로4안길 26,서울특별시 서초구 방배동 451-1,37.47928527,126.9834247,CCTV폴옆,서울특별시 서초구청,02-2155-6742,2025-02-18
C-17,신구빌라,서울특별시,서초구,서울특별시 서초구 청두곶길 14,서울특별시 서초구 방배동 473-1,37.47797421,126.9854592,전신주옆,서울특별시 서초구청,02-2155-6742,2025-02-18
C-13,뉴캐슬아파트,서울특별시,서초구,서울특별시 서초구 도구로 47,서울특별시 서초구 방배동 971-1,37.48105136,126.9881445,전신주옆,서울특별시 서초구청,02-2155-6742,2025-02-18
C-08,한스빌,서울특별시,서초구,서울특별시 서초구 서초대로4길 63,서울특별시 서초구 방배동 957-6,37.48316496,126.9865319,전신주옆,서울특별시 서초구청,02-2155-6742,2025-02-18
C-39,무궁화빌라,서울특별시,서초구,서울특별시 서초구 효령로 35-9,서울특별시 서초구 방배동 528-94,37.47859267,126.9879198,전신주옆,서울특별시 서초구청,02-2155-6742,2025-02-18
C-18,덕산빌딩,서울특별시,서초구,서울특별시 서초구 청두곶14길 12,서울특별시 서초구 방배동 458-5,37.48151047,126.986044,전신주옆,서울특별시 서초구청,02-2155-6742,2025-02-18
C-10,햇님어린이공원 입구,서울특별시,서초구,서울특별시 서초구 청두곶길 72,서울특별시 서초구 방배동 956-1,37.48302277,126.9856524,CCTV폴옆,서울특별시 서초구청,02-2155-6742,2025-02-18
C-12,도구머리근린공원 입구,서울특별시,서초구,서울특별시 서초구 도구로5길 14,서울특별시 서초구 방배동 466-1,37.48076911,126.9876086,전신주옆,서울특별시 서초구청,02-2155-6742,2025-02-18
C-24,황제맨숀,서울특별시,서초구,서울특별시 서초구 효령로21길 60,서울특별시 서초구 방배동 977-1,37.4825576,126.9914629,전신주옆,서울특별시 서초구청,02-2155-6742,2025-02-18
C-16,도브빌,서울특별시,서초구,서울특별시 서초구 도구로1길 75,서울특별시 서초구 방배동 474-2,37.47748048,126.9856671,전신주옆,서울특별시 서초구청,02-2155-6742,2025-02-18
C-30,서전아트빌라,서울특별시,서초구,서울특별시 서초구 남부순환로287길 21,서울특별시 서초구 방배동 478-10,37.47664501,126.987583,CCTV폴옆,서울특별시 서초구청,02-2155-6742,2025-02-18
C-29,성원주택,서울특별시,서초구,서울특별시 서초구 효령로28길 7,서울특별시 서초구 방배동 981-54,37.48037316,126.9959512,전신주옆,서울특별시 서초구청,02-2155-6742,2025-02-18
C-36,세양빌딩,서울특별시,서초구,서울특별시 서초구 효령로26길 9-3,서울특별시 서초구 방배동 981-29,37.48021365,126.9952406,전신주옆,서울특별시 서초구청,02-2155-6742,2025-02-18
C-35,엘르빌,서울특별시,서초구,서울특별시 서초구 효령로34길 17,서울특별시 서초구 방배동 985-15,37.4809587,126.9997517,전신주옆,서울특별시 서초구청,02-2155-6742,2025-02-18
C-39,공작빌라트,서울특별시,서초구,서울특별시 서초구 방배로5길 33,서울특별시 서초구 방배동 1029-1,37.47738926,126.9984811,전신주옆,서울특별시 서초구청,02-2155-6742,2025-02-18
C-42,문영오페라빌라,서울특별시,서초구,서울특별시 서초구 효령로 182-10,서울특별시 서초구 방배동 1001-27,37.48201039,127.0039827,전신주옆,서울특별시 서초구청,02-2155-6742,2025-02-18
C-31,지오빌,서울특별시,서초구,서울특별시 서초구 남부순환로297길 32,서울특별시 서초구 방배동 593-59,37.47508148,126.9946629,전신주옆,서울특별시 서초구청,02-2155-6742,2025-02-18
C-32,방배하이츠,서울특별시,서초구,서울특별시 서초구 남부순환로297라길 16,서울특별시 서초구 방배동 593-11,37.47623763,126.9940545,전신주옆,서울특별시 서초구청,02-2155-6742,2025-02-18
C-33,태인아트빌라,서울특별시,서초구,서울특별시 서초구 남부순환로297가길 26,서울특별시 서초구 방배동 593-70,37.475249,126.9933971,전신주옆,서울특별시 서초구청,02-2155-6742,2025-02-18
C-34,서릉빌라,서울특별시,서초구,서울특별시 서초구 남부순환로297가길 9-26,서울특별시 서초구 방배동 593-74,37.47492184,126.993267,전신주옆,서울특별시 서초구청,02-2155-6742,2025-02-18
C-37,강림그린빌라,서울특별시,서초구,서울특별시 서초구 명달로9길 109,서울특별시 서초구 방배동 996-1,37.47883203,127.0025645,전신주옆,서울특별시 서초구청,02-2155-6742,2025-02-18
C-40,화인하우스,서울특별시,서초구,서울특별시 서초구 방배로6길 10-8,서울특별시 서초구 방배동 1023-7,37.47883322,126.9999948,전신주옆,서울특별시 서초구청,02-2155-6742,2025-02-18
C-38,우림빌라,서울특별시,서초구,서울특별시 서초구 방배로10길 10-28,서울특별시 서초구 방배동 983-13,37.48006076,126.9992113,전신주옆,서울특별시 서초구청,02-2155-6742,2025-02-18
C-41,전라북도장학숙,서울특별시,서초구,서울특별시 서초구 명달로9길 117-17,서울특별시 서초구 방배동 996-3,37.4790287,127.0033277,전신주옆,서울특별시 서초구청,02-2155-6742,2025-02-18
C-44,두원빌라,서울특별시,서초구,서울특별시 서초구 서초대로33길 12-4,서울특별시 서초구 방배동 882-1,37.48922451,126.9968391,전신주옆,서울특별시 서초구청,02-2155-6742,2025-02-18
C-56,현대오페라하우스,서울특별시,서초구,서울특별시 서초구 동광로4길 15,서울특별시 서초구 방배동 825-12,37.49010136,126.9849322,도로변,서울특별시 서초구청,02-2155-6742,2025-02-18
C-57,원주빌라,서울특별시,서초구,서울특별시 서초구 서초대로15길 65,서울특별시 서초구 방배동 831-11,37.4892413,126.9884923,전신주옆,서울특별시 서초구청,02-2155-6742,2025-02-18
C-65,현대오페라하우스,서울특별시,서초구,서울특별시 서초구 동광로4길 15,서울특별시 서초구 방배동 825-12,37.49010136,126.9849322,도로변,서울특별시 서초구청,02-2155-6742,2025-02-18
C-62,제일아트빌라,서울특별시,서초구,서울특별시 서초구 동광로10길 11-8,서울특별시 서초구 방배동 822-15,37.49042194,126.9864387,전신주옆,서울특별시 서초구청,02-2155-6742,2025-02-18
C-64,제일아트빌라,서울특별시,서초구,서울특별시 서초구 동광로10길 11-8,서울특별시 서초구 방배동 822-15,37.49042194,126.9864387,전신주옆,서울특별시 서초구청,02-2155-6742,2025-02-18
C-60,태성빌딩,서울특별시,서초구,서울특별시 서초구 동광로12길 52,서울특별시 서초구 방배동 827-19,37.48909075,126.9861044,CCTV폴옆,서울특별시 서초구청,02-2155-6742,2025-02-18
C-26,태성빌딩,서울특별시,서초구,서울특별시 서초구 동광로12길 52,서울특별시 서초구 방배동 827-19,37.48909075,126.9861044,CCTV폴옆,서울특별시 서초구청,02-2155-6742,2025-02-18
C-59,방배오피스텔,서울특별시,서초구,서울특별시 서초구 동광로 56-1,서울특별시 서초구 방배동 814-8,37.49203627,126.9889695,도로변,서울특별시 서초구청,02-2155-6742,2025-02-18
C-46,레베빌,서울특별시,서초구,서울특별시 서초구 동광로32길 30,서울특별시 서초구 방배동 799-6,37.49303057,126.9976682,전신주옆,서울특별시 서초구청,02-2155-6742,2025-02-18
C-45,테이블79,서울특별시,서초구,서울특별시 서초구 방배로26길 71,서울특별시 서초구 방배동 848-17,37.49048781,126.996497,전신주옆,서울특별시 서초구청,02-2155-6742,2025-02-18
C-49,월드빌리지,서울특별시,서초구,서울특별시 서초구 서초대로25길 80,서울특별시 서초구 방배동 838-1,37.49143054,126.9927583,전신주옆,서울특별시 서초구청,02-2155-6742,2025-02-18
C-02,삼원주택,서울특별시,서초구,서울특별시 서초구 동광로32길 54,서울특별시 서초구 방배동 846-5,37.49208901,126.9975781,전신주옆,서울특별시 서초구청,02-2155-6742,2025-02-18
C-55,대경빌딩,서울특별시,서초구,서울특별시 서초구 서초대로19길 10-1,서울특별시 서초구 방배동 873-5,37.48774298,126.9913195,전신주옆,서울특별시 서초구청,02-2155-6742,2025-02-18
C-53,빌라도르,서울특별시,서초구,서울특별시 서초구 서초대로33길 67,서울특별시 서초구 방배동 840-10,37.49138345,126.9951274,전신주옆,서울특별시 서초구청,02-2155-6742,2025-02-18
C-54,판테옹빌라,서울특별시,서초구,서울특별시 서초구 동광로24길 37,서울특별시 서초구 방배동 841-2,37.49159152,126.993802,도로변,서울특별시 서초구청,02-2155-6742,2025-02-18
C-52,프리우스아파트,서울특별시,서초구,서울특별시 서초구 방배로30길 84,서울특별시 서초구 방배동 846-1,37.49193033,126.9969108,전신주옆,서울특별시 서초구청,02-2155-6742,2025-02-18
C-61,동도빌라트,서울특별시,서초구,서울특별시 서초구 동광로30길 41,서울특별시 서초구 방배동 846-2,37.49166841,126.9968117,전신주옆,서울특별시 서초구청,02-2155-6742,2025-02-18
C-50,오복한우리,서울특별시,서초구,서울특별시 서초구 방배로32길 30-3,서울특별시 서초구 방배동 838-27,37.4915978,126.9932867,전신주옆,서울특별시 서초구청,02-2155-6742,2025-02-18
C-51,파인빌리지,서울특별시,서초구,서울특별시 서초구 서초대로33길 84-5,서울특별시 서초구 방배동 843-1,37.49228842,126.9950358,도로변,서울특별시 서초구청,02-2155-6742,2025-02-18
C-58,방배한신트리플,서울특별시,서초구,서울특별시 서초구 방배로33길 29,서울특별시 서초구 방배동 816-1,37.49124224,126.9892705,CCTV폴옆,서울특별시 서초구청,02-2155-6742,2025-02-18
C-27,뉴청광빌라,서울특별시,서초구,서울특별시 서초구 방배천로34길 34,서울특별시 서초구 방배동 861-2,37.48780556,126.9878021,보안등옆,서울특별시 서초구청,02-2155-6742,2025-02-18
C-63,로고스교회,서울특별시,서초구,서울특별시 서초구 방배천로 126,서울특별시 서초구 방배동 865-1,37.48697011,126.9851115,도로변,서울특별시 서초구청,02-2155-6742,2025-02-18
C-48,방배힐1차,서울특별시,서초구,서울특별시 서초구 방배로34길 35,서울특별시 서초구 방배동 807-16,37.49319399,126.9927059,전신주옆,서울특별시 서초구청,02-2155-6742,2025-02-18
C-43,엘리시아,서울특별시,서초구,서울특별시 서초구 서초대로33길 33,서울특별시 서초구 방배동 878-32,37.4900545,126.9960473,전신주옆,서울특별시 서초구청,02-2155-6742,2025-02-18
D-18,미라보아파트,서울특별시,서초구,서울특별시 서초구 강남대로34길 18,서울특별시 서초구 양재동 10-13,37.48298466,127.0370707,전신주옆,서울특별시 서초구청,02-2155-6742,2025-02-18
D-19,영동교회,서울특별시,서초구,서울특별시 서초구 남부순환로350길 75,서울특별시 서초구 양재동 10-41,37.48196848,127.0380083,전신주옆,서울특별시 서초구청,02-2155-6742,2025-02-18
D-28,일건공원빌라,서울특별시,서초구,서울특별시 서초구 바우뫼로20길 19,서울특별시 서초구 양재동 104-4,37.47427104,127.0339339,공원입구,서울특별시 서초구청,02-2155-6742,2025-02-18
D-27,은성빌딩,서울특별시,서초구,서울특별시 서초구 양재천로7길 23,서울특별시 서초구 양재동 106-9,37.47497011,127.0352756,통신주옆,서울특별시 서초구청,02-2155-6742,2025-02-18
D-32,차니빌,서울특별시,서초구,서울특별시 서초구 강남대로23길 66,서울특별시 서초구 양재동 114-5,37.4751072,127.0359879,전신주옆,서울특별시 서초구청,02-2155-6742,2025-02-18
D-16,비전아파트,서울특별시,서초구,서울특별시 서초구 바우뫼로39길 39,서울특별시 서초구 양재동 17-35,37.48134836,127.03979,우편함물건보관함 옆,서울특별시 서초구청,02-2155-6742,2025-02-18
D-03,윤화빌딩,서울특별시,서초구,서울특별시 서초구 남부순환로356길 100,서울특별시 서초구 양재동 16-3,37.48055947,127.0391503,전신주옆,서울특별시 서초구청,02-2155-6742,2025-02-18
D-04,현대빌딩,서울특별시,서초구,서울특별시 서초구 바우뫼로39길 36,서울특별시 서초구 양재동 18-16,37.48124285,127.0403147,전신주옆,서울특별시 서초구청,02-2155-6742,2025-02-18
D-06,풍림빌라,서울특별시,서초구,서울특별시 서초구 바우뫼로41길 21,서울특별시 서초구 양재동 18-18,37.48155231,127.0406863,전신주옆,서울특별시 서초구청,02-2155-6742,2025-02-18
D-05,풍림빌라,서울특별시,서초구,서울특별시 서초구 바우뫼로41길 21,서울특별시 서초구 양재동 18-18,37.48155231,127.0406863,통신주옆,서울특별시 서초구청,02-2155-6742,2025-02-18
D-07,영동빌라,서울특별시,서초구,서울특별시 서초구 바우뫼로39길 52,서울특별시 서초구 양재동 18-10,37.48211295,127.0400766,통신주옆,서울특별시 서초구청,02-2155-6742,2025-02-18
D-21,에스앤디하우스,서울특별시,서초구,서울특별시 서초구 바우뫼로35길 10-3,서울특별시 서초구 양재동 20-15,37.47915154,127.0394449,CCTV폴옆,서울특별시 서초구청,02-2155-6742,2025-02-18
D-20,월드빌아파트,서울특별시,서초구,서울특별시 서초구 바우뫼로35길 18,서울특별시 서초구 양재동 20-18,37.47934551,127.0392253,CCTV폴옆,서울특별시 서초구청,02-2155-6742,2025-02-18
D-09,서초현대어린이집,서울특별시,서초구,서울특별시 서초구 강남대로30길 77,서울특별시 서초구 양재동 7-56,37.48304878,127.0415285,도로변,서울특별시 서초구청,02-2155-6742,2025-02-18
D-31,신동아빌라,서울특별시,서초구,서울특별시 서초구 강남대로27길 38,서울특별시 서초구 양재동 44,37.4792511,127.0360926,전신주옆,서울특별시 서초구청,02-2155-6742,2025-02-18
D-22,아이비스위트,서울특별시,서초구,서울특별시 서초구 바우뫼로37길 5,서울특별시 서초구 양재동 5-20,37.4790724,127.0398154,전신주옆,서울특별시 서초구청,02-2155-6742,2025-02-18
D-30,방아다리근린공원,서울특별시,서초구,서울특별시 서초구 강남대로27길 62,서울특별시 서초구 양재동 58-2,37.47852522,127.0346691,통신주옆,서울특별시 서초구청,02-2155-6742,2025-02-18
D-33,일건빌라,서울특별시,서초구,서울특별시 서초구 바우뫼로33길 34,서울특별시 서초구 양재동 65,37.47906379,127.0369351,CCTV폴옆,서울특별시 서초구청,02-2155-6742,2025-02-18
D-29,일동카센터,서울특별시,서초구,서울특별시 서초구 바우뫼로27길 7-17,서울특별시 서초구 양재동 70-4,37.47662808,127.0358018,전신주옆,서울특별시 서초구청,02-2155-6742,2025-02-18
D-10,삼성빌라,서울특별시,서초구,서울특별시 서초구 강남대로30길 77-8,서울특별시 서초구 양재동 7-60,37.4836731,127.0412223,전신주옆,서울특별시 서초구청,02-2155-6742,2025-02-18
D-11,우경빌딩,서울특별시,서초구,서울특별시 서초구 논현로27길 72,서울특별시 서초구 양재동 82-17,37.47876803,127.0406274,도로변,서울특별시 서초구청,02-2155-6742,2025-02-18
D-17,위너스,서울특별시,서초구,서울특별시 서초구 남부순환로358길 34,서울특별시 서초구 양재동 8-15,37.4841799,127.0391571,전신주옆,서울특별시 서초구청,02-2155-6742,2025-02-18
D-13,나우빌,서울특별시,서초구,서울특별시 서초구 바우뫼로39길 88-11,서울특별시 서초구 양재동 8-35,37.48363576,127.0394919,전신주옆,서울특별시 서초구청,02-2155-6742,2025-02-18
D-12,양재어린이공원,서울특별시,서초구,서울특별시 서초구 바우뫼로39길 85,서울특별시 서초구 양재동 8-42,37.48337566,127.038874,CCTV폴옆,서울특별시 서초구청,02-2155-6742,2025-02-18
D-15,전국자동차노조연맹사옥,서울특별시,서초구,서울특별시 서초구 논현로31길 9,서울특별시 서초구 양재동 4-2,37.4820098,127.0423603,도로변,서울특별시 서초구청,02-2155-6742,2025-02-18
D-24,양정빌라,서울특별시,서초구,서울특별시 서초구 바우뫼로23길 20-5,서울특별시 서초구 양재동 73-2,37.47757299,127.0351271,도로변,서울특별시 서초구청,02-2155-6742,2025-02-18
D-75,대호빌라,서울특별시,서초구,서울특별시 서초구 바우뫼로2길 41-3,서울특별시 서초구 우면동 9-9,37.46840488,127.0263446,전신주옆,서울특별시 서초구청,02-2155-6742,2025-02-18
D-34,성촌생태어린이집,서울특별시,서초구,서울특별시 서초구 성촌길 95,서울특별시 서초구 우면동 205-1,37.46690495,127.0205308,전신주옆,서울특별시 서초구청,02-2155-6742,2025-02-18
D-74,카페장꼬방,서울특별시,서초구,서울특별시 서초구 형촌10길 4,서울특별시 서초구 우면동 210-2,37.46595713,127.0197424,도로변,서울특별시 서초구청,02-2155-6742,2025-02-18
D-14,코오롱아파트,서울특별시,서초구,서울특별시 서초구 바우뫼로11길 28,서울특별시 서초구 우면동 29-11,37.47332178,127.0275469,도로변,서울특별시 서초구청,02-2155-6742,2025-02-18
D-26,코오롱아파트 후문,서울특별시,서초구,서울특별시 서초구 바우뫼로11안길 2,서울특별시 서초구 우면동 29-20,37.47323056,127.0273069,도로변,서울특별시 서초구청,02-2155-6742,2025-02-18
D-73,기쁨교회,서울특별시,서초구,서울특별시 서초구 바우뫼로9길 26,서울특별시 서초구 우면동 35-19,37.47246519,127.0259644,CCTV폴옆,서울특별시 서초구청,02-2155-6742,2025-02-18
D-57,길명오퍼스 아파트,서울특별시,서초구,서울특별시 서초구 강남대로30길 51-3,서울특별시 서초구 양재동 9-38,37.48248818,127.0396638,전신주옆,서울특별시 서초구청,02-2155-6742,2025-02-18
D-08,삼익우면빌라,서울특별시,서초구,서울특별시 서초구 바우뫼로6길 32-14,서울특별시 서초구 우면동 5-4,37.46837798,127.0257583,전신주옆,서울특별시 서초구청,02-2155-6742,2025-02-18
D-51,횃불어린이공원,서울특별시,서초구,서울특별시 서초구 바우뫼로33길 7-4,서울특별시 서초구 양재동 68,37.47803201,127.0373271,전신주옆,서울특별시 서초구청,02-2155-6742,2025-02-18
D-01,부성빌딩,서울특별시,서초구,서울특별시 서초구 매헌로6길 36-8,서울특별시 서초구 양재동 207-1,37.46526545,127.0354346,전신주옆,서울특별시 서초구청,02-2155-6742,2025-02-18
D-65,양재빌리지,서울특별시,서초구,서울특별시 서초구 마방로2길 15-22,서울특별시 서초구 양재동 248-4,37.47347535,127.0402982,도로변,서울특별시 서초구청,02-2155-6742,2025-02-18
D-42,소암빌딩,서울특별시,서초구,서울특별시 서초구 논현로13길 11,서울특별시 서초구 양재동 285-2,37.47446976,127.0469584,도로변,서울특별시 서초구청,02-2155-6742,2025-02-18
D-45,충원실버빌,서울특별시,서초구,서울특별시 서초구 마방로6길 7-19,서울특별시 서초구 양재동 262-6,37.47596661,127.0424253,전신주옆,서울특별시 서초구청,02-2155-6742,2025-02-18
D-36,개뜰어린이공원,서울특별시,서초구,서울특별시 서초구 마방로6길 8-53,서울특별시 서초구 양재동 259-3,37.47409165,127.0415592,공원입구,서울특별시 서초구청,02-2155-6742,2025-02-18
D-38,법제교육센터,서울특별시,서초구,서울특별시 서초구 언남12길 29-7,서울특별시 서초구 양재동 294-2,37.47357552,127.0455509,전신주옆,서울특별시 서초구청,02-2155-6742,2025-02-18
D-60,아미빌,서울특별시,서초구,서울특별시 서초구 언남16길 32,서울특별시 서초구 양재동 299,37.47363571,127.0460153,도로변,서울특별시 서초구청,02-2155-6742,2025-02-18
D-37,서강,서울특별시,서초구,서울특별시 서초구 언남16길 47,서울특별시 서초구 양재동 300-9,37.47325924,127.0467641,전신주옆,서울특별시 서초구청,02-2155-6742,2025-02-18
D-39,경영빌리지,서울특별시,서초구,서울특별시 서초구 언남12길 19-15,서울특별시 서초구 양재동 302-5,37.47409631,127.0455416,도로변,서울특별시 서초구청,02-2155-6742,2025-02-18
D-66,상원빌라,서울특별시,서초구,서울특별시 서초구 강남대로18길 16-1,서울특별시 서초구 양재동 313-12,37.47187638,127.0398764,전신주옆,서울특별시 서초구청,02-2155-6742,2025-02-18
D-43,송원빌딩,서울특별시,서초구,서울특별시 서초구 언남20길 20,서울특별시 서초구 양재동 281-5,37.47486316,127.0466991,전신주옆,서울특별시 서초구청,02-2155-6742,2025-02-18
D-62,영빈아트빌라,서울특별시,서초구,서울특별시 서초구 강남대로6길 60-1,서울특별시 서초구 양재동 358-13,37.46827019,127.0441193,전신주옆,서울특별시 서초구청,02-2155-6742,2025-02-18
D-61,양재빌딩,서울특별시,서초구,서울특별시 서초구 강남대로6길 50,서울특별시 서초구 양재동 356,37.46791556,127.0436118,전신주옆,서울특별시 서초구청,02-2155-6742,2025-02-18
D-55,양재화이트빌라,서울특별시,서초구,서울특별시 서초구 동산로12길 13-8,서울특별시 서초구 양재동 379-1,37.47115108,127.0457805,전신주옆,서울특별시 서초구청,02-2155-6742,2025-02-18
D-53,파크뷰아파트,서울특별시,서초구,서울특별시 서초구 강남대로6길 148,서울특별시 서초구 양재동 389-2,37.47096117,127.0473334,전신주옆,서울특별시 서초구청,02-2155-6742,2025-02-18
D-52,리치빌,서울특별시,서초구,서울특별시 서초구 동산로16길 7,서울특별시 서초구 양재동 392-21,37.47224502,127.0471158,도로변,서울특별시 서초구청,02-2155-6742,2025-02-18
D-48,태림하이츠빌라,서울특별시,서초구,서울특별시 서초구 논현로5길 24-17,서울특별시 서초구 양재동 396-1,37.47237512,127.0480125,전신주옆,서울특별시 서초구청,02-2155-6742,2025-02-18
D-49,이오스빌딩,서울특별시,서초구,서울특별시 서초구 논현로5길 21,서울특별시 서초구 양재동 400-13,37.47183181,127.0489034,전신주옆,서울특별시 서초구청,02-2155-6742,2025-02-18
D-64,양재2동주민센터,서울특별시,서초구,서울특별시 서초구 강남대로12길 44,서울특별시 서초구 양재동 323-1,37.47064502,127.0412829,주차장 ,서울특별시 서초구청,02-2155-6742,2025-02-18
D-50,은혜어린이집,서울특별시,서초구,서울특별시 서초구 마방로10길 54-24,서울특별시 서초구 양재동 271-15,37.47475835,127.0439386,전신주옆,서울특별시 서초구청,02-2155-6742,2025-02-18
D-35,은행나무집,서울특별시,서초구,서울특별시 서초구 신흥말길 68,서울특별시 서초구 내곡동 1-353,37.45470128,127.0808318,가로등옆,서울특별시 서초구청,02-2155-6742,2025-02-18
D-72,서호건설산업,서울특별시,서초구,서울특별시 서초구 능안말1길 15-1,서울특별시 서초구 내곡동 170-3,37.45510872,127.0658692,도로변,서울특별시 서초구청,02-2155-6742,2025-02-18
D-59,내곡열린문화센터,서울특별시,서초구,서울특별시 서초구 청계산로15길 77,서울특별시 서초구 신원동 627,37.44930752,127.0582114,도로변,서울특별시 서초구청,02-2155-6742,2025-02-18
D-56,신원제2노인정,서울특별시,서초구,서울특별시 서초구 새정1길 7,서울특별시 서초구 신원동 9-26,37.43533579,127.0691627,가로등옆,서울특별시 서초구청,02-2155-6742,2025-02-18
D-58,엠코바네사Ⅰ ,서울특별시,서초구,서울특별시 서초구 염곡말길 35,서울특별시 서초구 염곡동 133-1,37.46262363,127.0535442,CCTV폴옆,서울특별시 서초구청,02-2155-6742,2025-02-18
D-67,씨유서초염곡점,서울특별시,서초구,서울특별시 서초구 염곡말길 19,서울특별시 서초구 염곡동 106-7,37.46201728,127.052251,전신주옆,서울특별시 서초구청,02-2155-6742,2025-02-18
D-47,주택가,서울특별시,서초구,서울특별시 서초구 염곡안3길 21,서울특별시 서초구 염곡동 39-1,37.46323721,127.0553072,전신주옆,서울특별시 서초구청,02-2155-6742,2025-02-18
D-70,해피빌라,서울특별시,서초구,서울특별시 서초구 염곡안길 56,서울특별시 서초구 염곡동 145-2,37.46362746,127.0546852,전신주옆,서울특별시 서초구청,02-2155-6742,2025-02-18
D-69,염곡동 어린이공원,서울특별시,서초구,서울특별시 서초구 염곡안3길 11,서울특별시 서초구 염곡동 142,37.46336546,127.0540805,전신주옆,서울특별시 서초구청,02-2155-6742,2025-02-18
D-71,윤정상회,서울특별시,서초구,서울특별시 서초구 염곡안1길 3,서울특별시 서초구 염곡동 85-1,37.46228787,127.0499412,CCTV폴옆,서울특별시 서초구청,02-2155-6742,2025-02-18
