관리단체,의류수거함관리코드,행정동,도로명주소,위도,경도,데이터기준일
강북장애인단체총연합회,수유3-23,수유3동,서울특별시 강북구 노해로13길 89,37.63924886,127.0175791,2025-03-24
강북장애인단체총연합회,번1-10,번1동,서울특별시 강북구 오패산로67길 22,37.63591148,127.0269476,2025-03-24
강북장애인단체총연합회,번2-4,번2동,서울특별시 강북구 오현로25가길 92,37.62538679,127.0334626,2025-03-24
강북장애인단체총연합회,송천5-14,송천동,서울특별시 강북구 삼양로54마길 21,37.62235854,127.0245979,2025-03-24
강북장애인단체총연합회,우이-71,우이동,서울특별시 강북구 삼양로123길 46-28,37.64581456,127.0129147,2025-03-24
강북장애인단체총연합회,수유3-51,수유3동,서울특별시 강북구 도봉로99길 72-2,37.6439913,127.0266498,2025-03-24
강북장애인단체총연합회,송중9-2,송중동,서울특별시 강북구 오패산로52마길 20,37.62503906,127.0317112,2025-03-24
강북장애인단체총연합회,수유2-32,수유2동,서울특별시 강북구 삼양로138길 92,37.64849559,127.0189193,2025-03-24
강북장애인단체총연합회,수유1-52,수유1동,서울특별시 강북구 삼양로80나길 57,37.63351483,127.0204189,2025-03-24
강북장애인단체총연합회,우이-14,우이동,서울특별시 강북구 삼양로173다길 25,37.66262697,127.0095869,2025-03-24
강북장애인단체총연합회,인수-68,인수동,서울특별시 강북구 삼양로90길 7,37.63633997,127.0177533,2025-03-24
강북장애인단체총연합회,우이-42,우이동,서울특별시 강북구 삼양로139가길 80,37.65265795,127.0102291,2025-03-24
강북장애인단체총연합회,번1-38,번1동,서울특별시 강북구 덕릉로41길 89,37.63802816,127.0279512,2025-03-24
강북장애인단체총연합회,송중8-8,송중동,서울특별시 강북구 월계로21다길 5,37.61606416,127.0382613,2025-03-24
강북장애인단체총연합회,송천5-42,송천동,서울특별시 강북구 숭인로7나길 35,37.61459389,127.0259678,2025-03-24
강북장애인단체총연합회,삼양-47,삼양동,서울특별시 강북구 삼양로41길 12,37.62197334,127.019426,2025-03-24
강북장애인단체총연합회,번2-37,번2동,서울특별시 강북구 덕릉로40길 14,37.63448686,127.0301159,2025-03-24
강북장애인단체총연합회,미아3-48,미아동,서울특별시 강북구 솔매로 138,37.62644522,127.0273881,2025-03-24
강북장애인단체총연합회,미아3-20,미아동,서울특별시 강북구 도봉로57길 33,37.62743217,127.0236027,2025-03-24
강북장애인단체총연합회,송중9-45,송중동,서울특별시 강북구 도봉로28가길 17,37.62180134,127.0313454,2025-03-24
강북장애인단체총연합회,번2-3,번2동,서울특별시 강북구 오현로21길 58,37.62537386,127.0340859,2025-03-24
강북장애인단체총연합회,수유1-23,수유1동,서울특별시 강북구 삼양로79길 35-26,37.6297732,127.0158003,2025-03-24
강북장애인단체총연합회,삼양-18,삼양동,서울특별시 강북구 솔매로7다길 23,37.62639107,127.0132506,2025-03-24
강북장애인단체총연합회,수유3-50,수유3동,서울특별시 강북구 한천로150길 60-5,37.64395097,127.0261291,2025-03-24
강북장애인단체총연합회,인수-24,인수동,서울특별시 강북구 삼각산로 47,37.63965038,127.0095516,2025-03-24
강북장애인단체총연합회,수유2-31,수유2동,서울특별시 강북구 삼양로138길 84-1,37.64845729,127.0186478,2025-03-24
강북장애인단체총연합회,수유1-51,수유1동,서울특별시 강북구 수유로12길 27-8,37.63378343,127.0212991,2025-03-24
강북장애인단체총연합회,수유3-22,수유3동,서울특별시 강북구 노해로13길 48,37.6395741,127.0198522,2025-03-24
강북장애인단체총연합회,번1-9,번1동,서울특별시 강북구 덕릉로 125-12,37.63559385,127.0277676,2025-03-24
강북장애인단체총연합회,우이-41,우이동,서울특별시 강북구 삼양로149가길 21,37.65345418,127.0106265,2025-03-24
강북장애인단체총연합회,송천5-13,송천동,서울특별시 강북구 삼양로38길 47,37.62151883,127.0232948,2025-03-24
강북장애인단체총연합회,우이-70,우이동,서울특별시 강북구 삼양로123길32-33,37.64602584,127.0133992,2025-03-24
강북장애인단체총연합회,송천5-41,송천동,서울특별시 강북구 숭인로7나길 41,37.61469598,127.026329,2025-03-24
강북장애인단체총연합회,송중9-1,송중동,서울특별시 강북구 오패산로52마길 7,37.62543826,127.0320459,2025-03-24
강북장애인단체총연합회,번2-36,번2동,서울특별시 강북구 덕릉로40가길 9,37.63445695,127.0297651,2025-03-24
강북장애인단체총연합회,미아3-47,미아동,서울특별시 강북구 솔매로51길 10,37.62716718,127.027526,2025-03-24
강북장애인단체총연합회,우이-13,우이동,서울특별시 강북구 삼양로173길 51-8,37.66193373,127.0096527,2025-03-24
강북장애인단체총연합회,인수-67,인수동,서울특별시 강북구 삼양로88가길 6-10,37.63539166,127.0185702,2025-03-24
강북장애인단체총연합회,번2-2,번2동,서울특별시 강북구 오현로21길 12,37.62650879,127.0362463,2025-03-24
강북장애인단체총연합회,번1-37,번1동,서울특별시 강북구 한천로130길 46,37.63936643,127.0318202,2025-03-24
강북장애인단체총연합회,송중8-7,송중동,서울특별시 강북구 월계로21나길 45,37.61628617,127.037862,2025-03-24
강북장애인단체총연합회,수유3-49,수유3동,서울특별시 강북구 노해로32길 38,37.64406061,127.0252211,2025-03-24
강북장애인단체총연합회,삼양-46,삼양동,서울특별시 강북구 삼양로43길 23,37.62231737,127.0185379,2025-03-24
강북장애인단체총연합회,수유2-30,수유2동,서울특별시 강북구 삼양로138길 76,37.64837113,127.018037,2025-03-24
강북장애인단체총연합회,수유1-50,수유1동,서울특별시 강북구 덕릉로24길 41-2,37.63293373,127.0209704,2025-03-24
강북장애인단체총연합회,미아3-19,미아동,서울특별시 강북구 솔매로41길 31-5,37.62703042,127.0229623,2025-03-24
강북장애인단체총연합회,송중9-44,송중동,서울특별시 강북구 도봉로28길 29,37.62081012,127.0302367,2025-03-24
강북장애인단체총연합회,우이-40,우이동,서울특별시 강북구 삼양로149길 22,37.65429158,127.0116354,2025-03-24
강북장애인단체총연합회,수유1-22,수유1동,서울특별시 강북구 인수봉로 124,37.6307036,127.0139187,2025-03-24
강북장애인단체총연합회,삼양-17,삼양동,서울특별시 강북구 솔매로7나길 1-10,37.62610747,127.014897,2025-03-24
강북장애인단체총연합회,송천5-40,송천동,서울특별시 강북구 솔샘로64다길 9-1,37.61546741,127.0280973,2025-03-24
강북장애인단체총연합회,인수-23,인수동,서울특별시 강북구 삼각산로 53,37.639718,127.0100946,2025-03-24
강북장애인단체총연합회,번2-35,번2동,서울특별시 강북구 덕릉로40가길 30,37.63454693,127.0286536,2025-03-24
강북장애인단체총연합회,미아3-46,미아동,서울특별시 강북구 도봉로54길 24,37.62726451,127.0273095,2025-03-24
강북장애인단체총연합회,수유3-21,수유3동,서울특별시 강북구 노해로15길 35,37.63995813,127.0205271,2025-03-24
강북장애인단체총연합회,번1-8,번1동,서울특별시 강북구 한천로 965,37.63577994,127.032875,2025-03-24
강북장애인단체총연합회,번2-1,번2동,서울특별시 강북구 오현로 155,37.62625874,127.0365215,2025-03-24
강북장애인단체총연합회,송천5-12,송천동,서울특별시 강북구 삼양로54다길 39,37.62147153,127.0230236,2025-03-24
강북장애인단체총연합회,우이-69,우이동,서울특별시 강북구 삼양로131길 23-20,37.64637806,127.0134965,2025-03-24
강북장애인단체총연합회,수유3-48,수유3동,서울특별시 강북구 노해로32길 24,37.64453615,127.0249769,2025-03-24
강북장애인단체총연합회,송중8-35,송중동,서울특별시 강북구 도봉로4길 22,37.61115443,127.0317551,2025-03-24
강북장애인단체총연합회,수유2-29,수유2동,서울특별시 강북구 삼양로138길 68,37.6483592,127.0176859,2025-03-24
강북장애인단체총연합회,수유1-49,수유1동,서울특별시 강북구 덕릉로24길 53,37.63278423,127.0203265,2025-03-24
강북장애인단체총연합회,우이-12,우이동,서울특별시 강북구 삼양로173가길 48,37.66185616,127.0100731,2025-03-24
강북장애인단체총연합회,인수-66,인수동,서울특별시 강북구 삼양로88가길 10,37.63550446,127.0180475,2025-03-24
강북장애인단체총연합회,우이-39,우이동,서울특별시 강북구 삼양로149길 10,37.65405316,127.0122165,2025-03-24
강북장애인단체총연합회,번1-36,번1동,서울특별시 강북구 도봉로96길 53,37.63938017,127.0312988,2025-03-24
강북장애인단체총연합회,송중8-6,송중동,서울특별시 강북구 월계로21나길 50-14,37.61697494,127.0383515,2025-03-24
강북장애인단체총연합회,송천5-39,송천동,서울특별시 강북구 솔샘로64다길 33,37.61552727,127.0266126,2025-03-24
강북장애인단체총연합회,삼양-45,삼양동,서울특별시 강북구 삼양로43길 33,37.62232177,127.0179828,2025-03-24
강북장애인단체총연합회,번2-34,번2동,서울특별시 강북구 덕릉로40다길 36,37.63409655,127.0286708,2025-03-24
강북장애인단체총연합회,미아3-45,미아동,서울특별시 강북구 도봉로76길 77,37.63469558,127.0270088,2025-03-24
강북장애인단체총연합회,미아3-18,미아동,서울특별시 강북구 솔매로41길 31-28,37.62699777,127.022283,2025-03-24
강북장애인단체총연합회,송중9-43,송중동,서울특별시 강북구 도봉로28길 13,37.62061413,127.0294124,2025-03-24
강북장애인단체총연합회,번1-63,번1동,서울특별시 강북구 덕릉로 194-1,37.63590898,127.035434,2025-03-24
강북장애인단체총연합회,수유1-21,수유1동,서울특별시 강북구 인수봉로 120,37.63032312,127.0136745,2025-03-24
강북장애인단체총연합회,삼양-16,삼양동,서울특별시 강북구 솔매로7나길 23,37.62594804,127.0152276,2025-03-24
강북장애인단체총연합회,수유3-47,수유3동,서울특별시 강북구 노해로32길 19-9,37.64506084,127.0252307,2025-03-24
강북장애인단체총연합회,인수-22,인수동,서울특별시 강북구 인수봉로67길 12-2,37.64018554,127.0110515,2025-03-24
강북장애인단체총연합회,수유2-28,수유2동,서울특별시 강북구 삼양로138길 40,37.64872448,127.0161059,2025-03-24
강북장애인단체총연합회,수유1-48,수유1동,서울특별시 강북구 삼양로80길 51,37.63152489,127.020581,2025-03-24
강북장애인단체총연합회,수유3-20,수유3동,서울특별시 강북구 삼각산로28길 26,37.63991617,127.0198138,2025-03-24
강북장애인단체총연합회,번1-7,번1동,서울특별시 강북구 한천로 983,37.63677665,127.0313552,2025-03-24
강북장애인단체총연합회,우이-38,우이동,서울특별시 강북구 삼양로149길 68,37.65573658,127.0120356,2025-03-24
강북장애인단체총연합회,송천5-11,송천동,서울특별시 강북구 삼양로38다길 31,37.62156792,127.0226938,2025-03-24
강북장애인단체총연합회,우이-68,우이동,서울특별시 강북구 삼양로131길 30,37.64727388,127.0128728,2025-03-24
강북장애인단체총연합회,송천5-38,송천동,서울특별시 강북구 숭인로13길 39,37.61429429,127.0267873,2025-03-24
강북장애인단체총연합회,송중8-34,송중동,서울특별시 강북구 월계로3길 36,37.61136713,127.0313219,2025-03-24
강북장애인단체총연합회,번2-33,번2동,서울특별시 강북구 도봉로78길 78,37.63382922,127.0279378,2025-03-24
강북장애인단체총연합회,미아3-44,미아동,서울특별시 강북구 도봉로76길 40,37.63314583,127.0259187,2025-03-24
강북장애인단체총연합회,우이-11,우이동,서울특별시 강북구 삼양로173가길 69,37.66143109,127.0088094,2025-03-24
강북장애인단체총연합회,인수-65,인수동,서울특별시 강북구 삼양로88가길 20,37.63602653,127.017984,2025-03-24
강북장애인단체총연합회,번1-62,번1동,서울특별시 강북구 한천로 932,37.63452066,127.0364489,2025-03-24
강북장애인단체총연합회,번1-35,번1동,서울특별시 강북구 도봉로96길 27,37.64018126,127.0300987,2025-03-24
강북장애인단체총연합회,송중8-5,송중동,서울특별시 강북구 월계로21나길 51,37.61651986,127.037791,2025-03-24
강북장애인단체총연합회,수유3-46,수유3동,서울특별시 강북구 노해로32길 19-21,37.64555071,127.0256323,2025-03-24
강북장애인단체총연합회,삼양-44,삼양동,서울특별시 강북구 인수봉로12길 60,37.62296315,127.0160146,2025-03-24
강북장애인단체총연합회,수유2-27,수유2동,서울특별시 강북구 삼양로138길 24,37.64893353,127.0152419,2025-03-24
강북장애인단체총연합회,수유1-47,수유1동,서울특별시 강북구 삼양로74길 31,37.62984154,127.0196853,2025-03-24
강북장애인단체총연합회,미아3-17,미아동,서울특별시 강북구 도봉로53가길 16,37.62709059,127.0215227,2025-03-24
강북장애인단체총연합회,송중9-42,송중동,서울특별시 강북구 솔매로50길 73,37.62325396,127.0282906,2025-03-24
강북장애인단체총연합회,우이-37,우이동,서울특별시 강북구 삼양로159가길 31,37.65651479,127.0124333,2025-03-24
강북장애인단체총연합회,수유1-20,수유1동,서울특별시 강북구 인수봉로32길 12-6,37.63033724,127.0142861,2025-03-24
강북장애인단체총연합회,삼양-15,삼양동,서울특별시 강북구 솔매로7가길 18,37.62564648,127.0147218,2025-03-24
강북장애인단체총연합회,송천5-37,송천동,서울특별시 강북구 삼양로20나길 40-11,37.6165977,127.0242087,2025-03-24
강북장애인단체총연합회,인수-21,인수동,서울특별시 강북구 인수봉로 235-7,37.64001673,127.011337,2025-03-24
강북장애인단체총연합회,번2-32,번2동,서울특별시 강북구 도봉로78길 65,37.63399453,127.0272219,2025-03-24
강북장애인단체총연합회,미아3-43,미아동,서울특별시 강북구 덕릉로30길 15-3,37.63412542,127.0256113,2025-03-24
강북장애인단체총연합회,수유3-19,수유3동,서울특별시 강북구 삼양로102길 42,37.63989505,127.0194401,2025-03-24
강북장애인단체총연합회,번1-6,번1동,서울특별시 강북구 한천로 1001,37.637809,127.0297895,2025-03-24
강북장애인단체총연합회,번1-61,번1동,서울특별시 강북구 한천로120길 29,37.6358376,127.0366246,2025-03-24
강북장애인단체총연합회,송천5-10,송천동,서울특별시 강북구 삼양로38라길 10(2),37.62111464,127.0223599,2025-03-24
강북장애인단체총연합회,우이-67,우이동,서울특별시 강북구 인수봉로84길 40-4,37.64680464,127.0127883,2025-03-24
강북장애인단체총연합회,수유3-45,수유3동,서울특별시 강북구 노해로36길 18,37.64565845,127.0255855,2025-03-24
강북장애인단체총연합회,송중8-33,송중동,서울특별시 강북구 오현로6길 49,37.61429787,127.0327112,2025-03-24
강북장애인단체총연합회,수유2-26,수유2동,서울특별시 강북구 한천로170길 51,37.64803414,127.0186874,2025-03-24
강북장애인단체총연합회,수유1-46,수유1동,서울특별시 강북구 삼양로74다길 2,37.63019751,127.0213234,2025-03-24
강북장애인단체총연합회,우이-10,우이동,서울특별시 강북구 삼양로173길 71-8,37.66165356,127.0084777,2025-03-24
강북장애인단체총연합회,인수-64,인수동,서울특별시 강북구 삼양로87길 24-10,37.63561008,127.0166638,2025-03-24
강북장애인단체총연합회,우이-36,우이동,서울특별시 강북구 삼양로155길 25,37.65656335,127.0117753,2025-03-24
강북장애인단체총연합회,번1-34,번1동,서울특별시 강북구 한천로124다길 80,37.63997887,127.0295914,2025-03-24
강북장애인단체총연합회,송중8-4,송중동,서울특별시 강북구 월계로21가길 54,37.61587705,127.0374142,2025-03-24
강북장애인단체총연합회,송천5-36,송천동,서울특별시 강북구 삼양로20나길 46-33,37.6168051,127.0242286,2025-03-24
강북장애인단체총연합회,삼양-43,삼양동,서울특별시 강북구 인수봉로12가길 8,37.62352102,127.0148404,2025-03-24
강북장애인단체총연합회,번2-31,번2동,서울특별시 강북구 오현로25마길 65,37.62662536,127.0328689,2025-03-24
강북장애인단체총연합회,미아3-42,미아동,서울특별시 강북구 덕릉로30길 9,37.63434015,127.0254272,2025-03-24
강북장애인단체총연합회,미아3-16,미아동,서울특별시 강북구 솔매로41길 37-10,37.62749666,127.0226843,2025-03-24
강북장애인단체총연합회,송중9-41,송중동,서울특별시 강북구 도봉로28길 51,37.62109917,127.0314224,2025-03-24
강북장애인단체총연합회,번1-60,번1동,서울특별시 강북구 한천로124가길 25,37.63769402,127.0311507,2025-03-24
강북장애인단체총연합회,수유1-19,수유1동,서울특별시 강북구 인수봉로32길 26,37.63047994,127.0151906,2025-03-24
강북장애인단체총연합회,삼양-14,삼양동,서울특별시 강북구 솔매로10길 19,37.62458388,127.0137162,2025-03-24
강북장애인단체총연합회,수유3-44,수유3동,서울특별시 강북구 노해로36길 8,37.64595258,127.0251964,2025-03-24
강북장애인단체총연합회,인수-20,인수동,서울특별시 강북구 인수봉로72길 15,37.6424172,127.0117812,2025-03-24
강북장애인단체총연합회,수유2-25,수유2동,서울특별시 강북구 노해로33길 70,37.64736025,127.0210872,2025-03-24
강북장애인단체총연합회,수유1-45,수유1동,서울특별시 강북구 삼양로 292,37.62947719,127.0181267,2025-03-24
강북장애인단체총연합회,수유3-18,수유3동,서울특별시 강북구 삼양로102길 26,37.64003186,127.0185545,2025-03-24
강북장애인단체총연합회,번1-5,번1동,서울특별시 강북구 한천로 1009,37.63831639,127.0290351,2025-03-24
강북장애인단체총연합회,우이-35,우이동,서울특별시 강북구 삼양로155길 39,37.65717266,127.0113706,2025-03-24
강북장애인단체총연합회,송천5-9,송천동,서울특별시 강북구 삼양로38라길 10(1),37.62111464,127.0223599,2025-03-24
강북장애인단체총연합회,우이-66,우이동,서울특별시 강북구 인수봉로84길 33,37.64683707,127.0123573,2025-03-24
강북장애인단체총연합회,송천5-35,송천동,서울특별시 강북구 솔샘로64나길 42-9,37.61679522,127.0252142,2025-03-24
강북장애인단체총연합회,송중8-32,송중동,서울특별시 강북구 오현로6길 23,37.6154131,127.0324589,2025-03-24
강북장애인단체총연합회,번2-30,번2동,서울특별시 강북구 오현로21길 132-5,37.62721097,127.0328613,2025-03-24
강북장애인단체총연합회,미아3-41,미아동,서울특별시 강북구 덕릉로28길 9,37.63425845,127.0242613,2025-03-24
강북장애인단체총연합회,우이-9,우이동,서울특별시 강북구 삼양로169길 84,37.66110542,127.008655,2025-03-24
강북장애인단체총연합회,인수-63,인수동,서울특별시 강북구 삼양로 359,37.63547862,127.0171074,2025-03-24
강북장애인단체총연합회,번1-59,번1동,서울특별시 강북구 덕릉로 187-8,37.63617985,127.0343994,2025-03-24
강북장애인단체총연합회,번1-33,번1동,서울특별시 강북구 한천로124다길 61,37.63938936,127.0302222,2025-03-24
강북장애인단체총연합회,송중8-3,송중동,서울특별시 강북구 월계로21가길 37,37.61518957,127.0370832,2025-03-24
강북장애인단체총연합회,수유3-43,수유3동,서울특별시 강북구 한천로150길 20,37.64343506,127.0236656,2025-03-24
강북장애인단체총연합회,삼양-42,삼양동,서울특별시 강북구 인수봉로12길 34,37.62308876,127.0148688,2025-03-24
강북장애인단체총연합회,수유2-24,수유2동,서울특별시 강북구 한천로162길 25-15,37.64683938,127.0191223,2025-03-24
강북장애인단체총연합회,수유1-44,수유1동,서울특별시 강북구 삼양로69길 10,37.62869504,127.0172533,2025-03-24
강북장애인단체총연합회,미아3-15,미아동,서울특별시 강북구 솔매로41길 7,37.6260085,127.0235987,2025-03-24
강북장애인단체총연합회,송중9-40,송중동,서울특별시 강북구 도봉로28나길 13,37.62049702,127.0316115,2025-03-24
강북장애인단체총연합회,우이-34,우이동,서울특별시 강북구 삼양로155길 37-16,37.65735721,127.0108128,2025-03-24
강북장애인단체총연합회,수유1-18,수유1동,서울특별시 강북구 인수봉로30길 32-5,37.62998574,127.0153557,2025-03-24
강북장애인단체총연합회,삼양-13,삼양동,서울특별시 강북구 솔매로10길 10,37.62500836,127.0138353,2025-03-24
강북장애인단체총연합회,송천5-34,송천동,서울특별시 강북구 솔샘로 287,37.61851003,127.0244669,2025-03-24
강북장애인단체총연합회,인수-19,인수동,서울특별시 강북구 인수봉로72길 41,37.64277044,127.0130796,2025-03-24
강북장애인단체총연합회,번2-29,번2동,서울특별시 강북구 오현로25길 54,37.62780776,127.0353233,2025-03-24
강북장애인단체총연합회,미아3-40,미아동,서울특별시 강북구 덕릉로28길 27,37.63336661,127.0242843,2025-03-24
강북장애인단체총연합회,수유3-17,수유3동,서울특별시 강북구 노해로17길 66-3,37.64057974,127.0183434,2025-03-24
강북장애인단체총연합회,번1-4,번1동,서울특별시 강북구 한천로131길 29,37.63806556,127.0270216,2025-03-24
강북장애인단체총연합회,번1-58,번1동,서울특별시 강북구 덕릉로 193-8,37.6363916,127.0349519,2025-03-24
강북장애인단체총연합회,송천5-8,송천동,서울특별시 강북구 솔샘로53길 20,37.61968514,127.0227411,2025-03-24
강북장애인단체총연합회,우이-65,우이동,서울특별시 강북구 삼양로123가길 39,37.64642985,127.0121474,2025-03-24
강북장애인단체총연합회,수유3-42,수유3동,서울특별시 강북구 한천로150길 37,37.6439756,127.0247463,2025-03-24
강북장애인단체총연합회,송중8-31,송중동,서울특별시 강북구 오현로 16-3,37.61628302,127.0319606,2025-03-24
강북장애인단체총연합회,수유2-23,수유2동,서울특별시 강북구 한천로 1164,37.64777907,127.0161864,2025-03-24
강북장애인단체총연합회,수유1-43,수유1동,서울특별시 강북구 삼양로69길 24,37.62841,127.016566,2025-03-24
강북장애인단체총연합회,우이-8,우이동,서울특별시 강북구 삼양로169길 70,37.66128307,127.0094234,2025-03-24
강북장애인단체총연합회,인수-62,인수동,서울특별시 강북구 삼양로95길 17,37.63802723,127.0169493,2025-03-24
강북장애인단체총연합회,우이-33,우이동,서울특별시 강북구 삼양로159가길 9,37.65739002,127.0125804,2025-03-24
강북장애인단체총연합회,번1-32,번1동,서울특별시 강북구 한천로124다길 20,37.63823394,127.0321634,2025-03-24
강북장애인단체총연합회,송중8-2,송중동,서울특별시 강북구 월계로21가길 64,37.61615662,127.0374445,2025-03-24
강북장애인단체총연합회,송천5-33,송천동,서울특별시 강북구 솔샘로60가길 14,37.61764799,127.0259167,2025-03-24
강북장애인단체총연합회,삼양-41,삼양동,서울특별시 강북구 인수봉로12길 19,37.62347932,127.0141613,2025-03-24
강북장애인단체총연합회,번2-28,번2동,서울특별시 강북구 오현로25길 69,37.62724437,127.0347414,2025-03-24
강북장애인단체총연합회,미아3-39,미아동,서울특별시 강북구 덕릉로28길 59,37.63210012,127.0247654,2025-03-24
강북장애인단체총연합회,미아3-14,미아동,서울특별시 강북구 솔매로39길 6,37.62578158,127.0233977,2025-03-24
강북장애인단체총연합회,송중9-39,송중동,서울특별시 강북구 도봉로28나길 21,37.62009141,127.0315941,2025-03-24
강북장애인단체총연합회,번1-57,번1동,서울특별시 강북구 덕릉로 199,37.63644183,127.0355857,2025-03-24
강북장애인단체총연합회,수유1-17,수유1동,서울특별시 강북구 인수봉로28나길 1,37.62958398,127.0136389,2025-03-24
강북장애인단체총연합회,삼양-12,삼양동,서울특별시 강북구 솔매로 16,37.62510992,127.0141285,2025-03-24
강북장애인단체총연합회,수유3-41,수유3동,서울특별시 강북구 노해로 116,37.64549669,127.0245451,2025-03-24
강북장애인단체총연합회,인수-18,인수동,서울특별시 강북구 인수봉로72길 71,37.64343132,127.0145326,2025-03-24
강북장애인단체총연합회,수유2-22,수유2동,서울특별시 강북구 삼양로130길 9-21,37.64765345,127.0151681,2025-03-24
강북장애인단체총연합회,수유1-42,수유1동,서울특별시 강북구 삼양로69길 48,37.62749317,127.015751,2025-03-24
강북장애인단체총연합회,수유3-16,수유3동,서울특별시 강북구 삼양로102길 16-1,37.63994588,127.0179665,2025-03-24
강북장애인단체총연합회,번1-3,번1동,서울특별시 강북구 오패산로 402,37.63686203,127.0274905,2025-03-24
강북장애인단체총연합회,우이-32,우이동,서울특별시 강북구 삼양로159가길 25,37.65673167,127.0125097,2025-03-24
강북장애인단체총연합회,송천5-7,송천동,서울특별시 강북구 솔샘로53길 4,37.61910318,127.0231905,2025-03-24
강북장애인단체총연합회,우이-64,우이동,서울특별시 강북구 인수봉로82길 25,37.64596156,127.0121762,2025-03-24
강북장애인단체총연합회,송천5-32,송천동,서울특별시 강북구 솔샘로60길 46,37.61721881,127.0230452,2025-03-24
강북장애인단체총연합회,송중8-30,송중동,서울특별시 강북구 오패산로35길 46,37.61551527,127.0317326,2025-03-24
강북장애인단체총연합회,번2-27,번2동,서울특별시 강북구 오현로25길 42,37.62806326,127.0357165,2025-03-24
강북장애인단체총연합회,미아3-38,미아동,서울특별시 강북구 덕릉로30길 85,37.63105976,127.0264444,2025-03-24
강북장애인단체총연합회,우이-7,우이동,서울특별시 강북구 삼양로169길 40,37.66130651,127.0111458,2025-03-24
강북장애인단체총연합회,인수-61,인수동,서울특별시 강북구 삼양로99길 17,37.63886104,127.0164511,2025-03-24
강북장애인단체총연합회,번1-56,번1동,서울특별시 강북구 덕릉로51길 9,37.6367122,127.0355936,2025-03-24
강북장애인단체총연합회,번1-31,번1동,서울특별시 강북구 한천로124다길 8,37.63792241,127.032632,2025-03-24
강북장애인단체총연합회,송중8-1,송중동,서울특별시 강북구 월계로21가길 3,37.61386813,127.0374627,2025-03-24
강북장애인단체총연합회,수유3-40,수유3동,서울특별시 강북구 한천로148길 26,37.64311173,127.0248822,2025-03-24
강북장애인단체총연합회,삼양-40,삼양동,서울특별시 강북구 인수봉로12길 5,37.62374241,127.0132969,2025-03-24
강북장애인단체총연합회,수유2-21,수유2동,서울특별시 강북구 삼양로130길 9-9,37.64713317,127.015447,2025-03-24
강북장애인단체총연합회,수유1-41,수유1동,서울특별시 강북구 삼양로73가길 82,37.62716632,127.0143732,2025-03-24
강북장애인단체총연합회,미아3-13,미아동,서울특별시 강북구 솔매로37길 5,37.62559334,127.0224259,2025-03-24
강북장애인단체총연합회,송중9-38,송중동,서울특별시 강북구 도봉로20가길 2,37.61871009,127.030162,2025-03-24
강북장애인단체총연합회,우이-31,우이동,서울특별시 강북구 삼양로155가길 19,37.65701352,127.012812,2025-03-24
강북장애인단체총연합회,수유1-16,수유1동,서울특별시 강북구 인수봉로28나길 5,37.62974662,127.0136934,2025-03-24
강북장애인단체총연합회,삼양-11,삼양동,서울특별시 강북구 인수봉로20가길 21,37.62606853,127.0134701,2025-03-24
강북장애인단체총연합회,송천5-31,송천동,서울특별시 강북구 삼양로24가길 15,37.61777674,127.0229586,2025-03-24
강북장애인단체총연합회,인수-17,인수동,서울특별시 강북구 인수봉로 76길 34,37.64401042,127.0126666,2025-03-24
강북장애인단체총연합회,번2-26,번2동,서울특별시 강북구 오현로25마길 24,37.62778465,127.0347005,2025-03-24
강북장애인단체총연합회,미아3-37,미아동,서울특별시 강북구 도봉로68길 33,37.6314635,127.0262352,2025-03-24
강북장애인단체총연합회,수유3-15,수유3동,서울특별시 강북구 삼양로102길 5,37.64013881,127.0173294,2025-03-24
강북장애인단체총연합회,번1-2,번1동,서울특별시 강북구 덕릉로 129,37.63520952,127.0281464,2025-03-24
강북장애인단체총연합회,번1-55,번1동,서울특별시 강북구 덕릉로51길 55,37.63826642,127.0339306,2025-03-24
강북장애인단체총연합회,송천5-6,송천동,서울특별시 강북구 도봉로27길 76,37.61936462,127.0242972,2025-03-24
강북장애인단체총연합회,우이-63,인수동,서울특별시 강북구 인수봉로80길 12,37.64482885,127.0114093,2025-03-24
강북장애인단체총연합회,수유3-39,수유3동,서울특별시 강북구 한천로148길 22,37.64295708,127.0247029,2025-03-24
강북장애인단체총연합회,송중8-29,송중동,서울특별시 강북구 오현로4길 6,37.61613228,127.0311583,2025-03-24
강북장애인단체총연합회,수유2-20,수유2동,서울특별시 강북구 삼양로130길 13,37.64689313,127.0158354,2025-03-24
강북장애인단체총연합회,수유1-40,수유1동,서울특별시 강북구 인수봉로20나길 13,37.62690243,127.0129833,2025-03-24
강북장애인단체총연합회,우이-6,우이동,서울특별시 강북구 삼양로165길 55,37.66106734,127.0116363,2025-03-24
강북장애인단체총연합회,인수-60,인수동,서울특별시 강북구 삼각산로22길 24,37.63956528,127.0166231,2025-03-24
강북장애인단체총연합회,송중9-18,송중동,서울특별시 강북구 오패산로52라길 23,37.62429276,127.033001,2025-03-24
강북장애인단체총연합회,번1-30,번1동,서울특별시 강북구 한천로124나길 29,37.63813604,127.0312129,2025-03-24
강북장애인단체총연합회,미아3-69,미아동,서울특별시 강북구 오패산로52아길 11,37.62702615,127.0311983,2025-03-24
강북장애인단체총연합회,우이-30,우이동,서울특별시 강북구 삼양로159길 5,37.65729508,127.0130803,2025-03-24
강북장애인단체총연합회,삼양-39,삼양동,서울특별시 강북구 인수봉로 42,37.62383906,127.0130011,2025-03-24
강북장애인단체총연합회,번2-25,번2동,서울특별시 강북구 오현로25길 100,37.62666446,127.0332422,2025-03-24
강북장애인단체총연합회,송천5-30,송천동,서울특별시 강북구 삼양로24길 34,37.61758455,127.0225986,2025-03-24
강북장애인단체총연합회,미아3-12,송천동,서울특별시 강북구 도봉로49길 79,37.62421068,127.0219342,2025-03-24
강북장애인단체총연합회,송중9-37,송중동,서울특별시 강북구 도봉로20가길 7,37.61888684,127.0297406,2025-03-24
강북장애인단체총연합회,삼양-63,삼양동,서울특별시 강북구 인수봉로6가길 13,37.62245064,127.0139823,2025-03-24
강북장애인단체총연합회,수유1-15,수유1동,서울특별시 강북구 인수봉로28가길 8-3,37.62886883,127.0132405,2025-03-24
강북장애인단체총연합회,삼양-10,삼양동,서울특별시 강북구 솔매로7다길 16-7,37.62668221,127.0135866,2025-03-24
강북장애인단체총연합회,미아3-36,미아동,서울특별시 강북구 도봉로72길 38,37.63221109,127.0262028,2025-03-24
강북장애인단체총연합회,인수-16,인수동,서울특별시 강북구 인수봉로76길 15,37.64368647,127.0116397,2025-03-24
강북장애인단체총연합회,수유2-19,수유2동,서울특별시 강북구 삼양로130길 8,37.6465929,127.0154881,2025-03-24
강북장애인단체총연합회,번1-54,번1동,서울특별시 강북구 도봉로96길 87-7,37.63862811,127.0329855,2025-03-24
강북장애인단체총연합회,수유3-14,수유3동,서울특별시 강북구 노해로9길 82,37.63824788,127.0174789,2025-03-24
강북장애인단체총연합회,번1-1,번1동,서울특별시 강북구 덕릉로 147,37.63536096,127.0301272,2025-03-24
강북장애인단체총연합회,인수-40,인수동,서울특별시 강북구 인수봉로 203,37.637843,127.013224,2025-03-24
강북장애인단체총연합회,송천5-5,송천동,서울특별시 강북구 도봉로29길 63,37.61995453,127.0248105,2025-03-24
강북장애인단체총연합회,우이-62,우이동,서울특별시 강북구 인수봉로 305-1,37.64620614,127.0101786,2025-03-24
강북장애인단체총연합회,수유3-38,수유3동,서울특별시 강북구 한천로150길 16-17,37.64299875,127.0242945,2025-03-24
강북장애인단체총연합회,송중8-28,미아동,서울특별시 강북구 솔매로49길 14,37.62709054,127.0269719,2025-03-24
강북장애인단체총연합회,번2-24,번2동,서울특별시 강북구 오현로21길 116,37.62627446,127.0329301,2025-03-24
강북장애인단체총연합회,수유1-39,수유1동,서울특별시 강북구 인수봉로20길 32,37.62670831,127.0123967,2025-03-24
강북장애인단체총연합회,우이-5,우이동,서울특별시 강북구 삼양로165길 48,37.66094528,127.0121253,2025-03-24
강북장애인단체총연합회,인수-59,인수동,서울특별시 강북구 삼각산로22길 2,37.64054787,127.0166782,2025-03-24
강북장애인단체총연합회,송중9-17,송중동,서울특별시 강북구 오패산로52라길 35,37.62367287,127.0332243,2025-03-24
강북장애인단체총연합회,번1-29,번1동,서울특별시 강북구 한천로130길 19,37.63864595,127.0307644,2025-03-24
강북장애인단체총연합회,미아3-68,미아동,서울특별시 강북구 오패산로52아길 28,37.62761548,127.030545,2025-03-24
강북장애인단체총연합회,우이-29,우이동,서울특별시 강북구 삼양로159길 20,37.65790525,127.0127776,2025-03-24
강북장애인단체총연합회,삼양-38,삼양동,서울특별시 강북구 인수봉로17길 11,37.62479435,127.0119462,2025-03-24
강북장애인단체총연합회,수유2-18,수유2동,서울특별시 강북구 삼양로124길 7-14,37.64592531,127.0164714,2025-03-24
강북장애인단체총연합회,송천5-29,송천동,서울특별시 강북구 삼양로28길 8-11,37.61805689,127.0219694,2025-03-24
강북장애인단체총연합회,미아3-11,미아동,서울특별시 강북구 삼양로54길 125,37.62359535,127.0248876,2025-03-24
강북장애인단체총연합회,송중9-36,송중동,서울특별시 강북구 도봉로22길 18,37.61911319,127.0309724,2025-03-24
강북장애인단체총연합회,삼양-62,삼양동,서울특별시 강북구 삼양로41길 73,37.62152982,127.0159315,2025-03-24
강북장애인단체총연합회,수유1-14,수유1동,서울특별시 강북구 삼양로77가길 90,37.62832799,127.0132137,2025-03-24
강북장애인단체총연합회,삼양-9,삼양동,서울특별시 강북구 인수봉로20나길 38,37.62665345,127.0144593,2025-03-24
강북장애인단체총연합회,미아3-35,미아동,서울특별시 강북구 도봉로68길 19-3,37.63143857,127.0253971,2025-03-24
강북장애인단체총연합회,인수-15,인수동,서울특별시 강북구 인수봉로 278,37.64353786,127.0111091,2025-03-24
강북장애인단체총연합회,번2-23,번2동,서울특별시 강북구 오현로25라길 69,37.62628903,127.0336096,2025-03-24
강북장애인단체총연합회,번1-53,번1동,서울특별시 강북구 도봉로96길 65-6,37.63912559,127.0321179,2025-03-24
강북장애인단체총연합회,수유3-13,수유3동,서울특별시 강북구 노해로9길 75,37.63795161,127.0176074,2025-03-24
강북장애인단체총연합회,삼양-81,삼양동,서울특별시 강북구 솔샘로47길 27,37.62122291,127.0180312,2025-03-24
강북장애인단체총연합회,인수-39,인수동,서울특별시 강북구 인수봉로 229,37.63966498,127.0123728,2025-03-24
강북장애인단체총연합회,송천5-4,송천동,서울특별시 강북구 도봉로29길 67,37.61996984,127.0244818,2025-03-24
강북장애인단체총연합회,우이-61,우이동,서울특별시 강북구 4.19로9길 5,37.64677685,127.0094685,2025-03-24
강북장애인단체총연합회,수유3-37,수유3동,서울특별시 강북구 한천로150길 6-21,37.64263576,127.0239819,2025-03-24
강북장애인단체총연합회,송중8-27,송중동,서울특별시 강북구 오패산로35길 8,37.61487865,127.0332134,2025-03-24
강북장애인단체총연합회,수유2-17,수유2동,서울특별시 강북구 삼양로124길 7-9,37.6456339,127.0161013,2025-03-24
강북장애인단체총연합회,수유1-38,수유1동,서울특별시 강북구 인수봉로19길 33,37.62666023,127.0120349,2025-03-24
강북장애인단체총연합회,우이-4,우이동,서울특별시 강북구 삼양로169길 12-5,37.66144392,127.0124927,2025-03-24
강북장애인단체총연합회,인수-58,인수동,서울특별시 강북구 삼각산로17길 3,37.6408297,127.0148162,2025-03-24
강북장애인단체총연합회,송중9-16,송중동,서울특별시 강북구 오패산로52라길 62,37.62255718,127.0334199,2025-03-24
강북장애인단체총연합회,번1-28,번1동,서울특별시 강북구 한천로124나길 51,37.63877691,127.0302529,2025-03-24
강북장애인단체총연합회,미아3-67,미아동,서울특별시 강북구 오패산로52길 123,37.62785362,127.0310177,2025-03-24
강북장애인단체총연합회,우이-28,우이동,서울특별시 강북구 삼양로155길 59,37.65788838,127.0118371,2025-03-24
강북장애인단체총연합회,삼양-37,삼양동,서울특별시 강북구 인수봉로17길 15,37.62467457,127.0116306,2025-03-24
강북장애인단체총연합회,번2-22,번2동,서울특별시 강북구 오현로25라길 61,37.62652698,127.0340597,2025-03-24
강북장애인단체총연합회,송천5-28,송천동,서울특별시 강북구 삼양로24길 52-8,37.61819183,127.0230325,2025-03-24
강북장애인단체총연합회,미아3-10,미아동,서울특별시 강북구 도봉로45길 46,37.62387786,127.0241816,2025-03-24
강북장애인단체총연합회,송중9-35,송중동,서울특별시 강북구 도봉로18다길 8,37.61914626,127.0317083,2025-03-24
강북장애인단체총연합회,삼양-61,삼양동,서울특별시 강북구 삼양로41길 52,37.62178391,127.0172309,2025-03-24
강북장애인단체총연합회,수유1-13,수유1동,서울특별시 강북구 인수봉로 109,37.62970046,127.0124818,2025-03-24
강북장애인단체총연합회,삼양-8,삼양동,서울특별시 강북구 인수봉로20나길 62,37.62687997,127.0156911,2025-03-24
강북장애인단체총연합회,미아3-34,미아동,서울특별시 강북구 도봉로68길 15,37.63127565,127.0253086,2025-03-24
강북장애인단체총연합회,인수-14,인수동,서울특별시 강북구 인수봉로 268-1,37.6425291,127.0111565,2025-03-24
강북장애인단체총연합회,수유2-16,수유2동,서울특별시 강북구 삼양로124길 5-10,37.64559692,127.0159885,2025-03-24
강북장애인단체총연합회,번1-52,번1동,서울특별시 강북구 도봉로96나길 27,37.63939808,127.0334854,2025-03-24
강북장애인단체총연합회,수유3-12,수유3동,서울특별시 강북구 노해로9나길 7,37.63841165,127.0176694,2025-03-24
강북장애인단체총연합회,삼양-80,삼양동,서울특별시 강북구 삼양로68가길 7,37.62901277,127.0197075,2025-03-24
강북장애인단체총연합회,인수-38,인수동,서울특별시 강북구 인수봉로51길 43,37.63534421,127.0107191,2025-03-24
강북장애인단체총연합회,송천5-3,송천동,서울특별시 강북구 도봉로29길 86,37.62038579,127.0235702,2025-03-24
강북장애인단체총연합회,우이-60,우이동,서울특별시 강북구 4.19로9길 24,37.64584026,127.0095262,2025-03-24
강북장애인단체총연합회,수유3-36,수유3동,서울특별시 강북구 노해로 56,37.64066132,127.02275,2025-03-24
강북장애인단체총연합회,송중8-26,송중동,서울특별시 강북구 오패산로37길 8,37.61530117,127.0330946,2025-03-24
강북장애인단체총연합회,송천5-60,송천동,서울특별시 강북구 솔샘로64길 23,37.61627751,127.0279961,2025-03-24
강북장애인단체총연합회,수유1-37,수유1동,서울특별시 강북구 인수봉로 83-3,37.62729904,127.0119245,2025-03-24
강북장애인단체총연합회,우이-3,우이동,서울특별시 강북구 삼양로 654,37.66117486,127.0137204,2025-03-24
강북장애인단체총연합회,인수-57,인수동,서울특별시 강북구 삼양로107길 14,37.64155998,127.015951,2025-03-24
강북장애인단체총연합회,송중9-15,송중동,서울특별시 강북구 오현로9길 106,37.62133785,127.0330619,2025-03-24
강북장애인단체총연합회,번1-27,번1동,서울특별시 강북구 한천로124나길 66,37.63933159,127.0297698,2025-03-24
강북장애인단체총연합회,미아3-66,미아동,서울특별시 강북구 오패산로52아길 50,37.62842186,127.0299907,2025-03-24
강북장애인단체총연합회,우이-27,우이동,서울특별시 강북구 삼양로 159나길 12,37.65795543,127.0112355,2025-03-24
강북장애인단체총연합회,삼양-36,삼양동,서울특별시 강북구 인수봉로19길 9,37.62562463,127.0121052,2025-03-24
강북장애인단체총연합회,번2-21,번2동,서울특별시 강북구 오현로25라길 54,37.62682586,127.0342484,2025-03-24
강북장애인단체총연합회,송천5-27,송천동,서울특별시 강북구 삼양로20나길 30,37.61605611,127.0240911,2025-03-24
강북장애인단체총연합회,미아3-9,미아동,서울특별시 강북구 도봉로47길 53,37.62390491,127.0230937,2025-03-24
강북장애인단체총연합회,송중9-34,송중동,서울특별시 강북구 도봉로18길 46,37.61886474,127.03144,2025-03-24
강북장애인단체총연합회,삼양-60,삼양동,서울특별시 강북구 인수봉로6길 47,37.62215556,127.0153342,2025-03-24
강북장애인단체총연합회,수유1-12,수유1동,서울특별시 강북구 인수봉로29길 3,37.62987618,127.0130233,2025-03-24
강북장애인단체총연합회,삼양-7,삼양동,서울특별시 강북구 삼양로63길 25-1,37.62722039,127.0165363,2025-03-24
강북장애인단체총연합회,미아3-33,미아동,서울특별시 강북구 솔매로45길 95-35,37.62994073,127.0229582,2025-03-24
강북장애인단체총연합회,인수-13,인수동,서울특별시 강북구 인수봉로 261,37.64204725,127.0106416,2025-03-24
강북장애인단체총연합회,수유2-15,수유2동,서울특별시 강북구 한천로161길 35,37.64581526,127.0173227,2025-03-24
강북장애인단체총연합회,번1-51,번1동,서울특별시 강북구 도봉로96다길 15,37.63980714,127.0328229,2025-03-24
강북장애인단체총연합회,수유3-11,수유3동,서울특별시 강북구 노해로9길 69,37.63788293,127.0180162,2025-03-24
강북장애인단체총연합회,삼양-79,삼양동,서울특별시 강북구 도봉로67길 42-16,37.62974873,127.0215332,2025-03-24
강북장애인단체총연합회,인수-37,인수동,서울특별시 강북구 인수봉로55길 39-18,37.63599127,127.0105179,2025-03-24
강북장애인단체총연합회,송천5-2,송천동,서울특별시 강북구 삼양로38가길 40,37.62261499,127.020743,2025-03-24
강북장애인단체총연합회,우이-59,우이동,서울특별시 강북구 인수봉로81길 11-8,37.64532009,127.0098164,2025-03-24
강북장애인단체총연합회,수유3-35,수유3동,서울특별시 강북구 노해로 42-1,37.63944609,127.0228906,2025-03-24
강북장애인단체총연합회,송중8-25,송중동,서울특별시 강북구 오패산로37길 6-3,37.61538179,127.033037,2025-03-24
강북장애인단체총연합회,송천5-59,송천동,서울특별시 강북구 도봉로15길 19,37.61643551,127.0285831,2025-03-24
강북장애인단체총연합회,수유1-36,수유1동,서울특별시 강북구 인수봉로23가길 10,37.62738421,127.0113342,2025-03-24
강북장애인단체총연합회,우이-2,우이동,서울특별시 강북구 삼양로170길 16,37.66118035,127.0143777,2025-03-24
강북장애인단체총연합회,인수-56,인수동,서울특별시 강북구 삼양로109길 26,37.64193271,127.0152662,2025-03-24
강북장애인단체총연합회,송중9-14,송중동,서울특별시 강북구 오현로9길 111,37.62149761,127.0327653,2025-03-24
강북장애인단체총연합회,번1-26,번1동,서울특별시 강북구 한천로132길 6,37.63924073,127.0285812,2025-03-24
강북장애인단체총연합회,미아3-65,송중동,서울특별시 강북구 오패산로48길 12,37.62127117,127.032621,2025-03-24
강북장애인단체총연합회,우이-26,우이동,서울특별시 강북구 삼양로159나길 19,37.65760312,127.0111269,2025-03-24
강북장애인단체총연합회,삼양-35,삼양동,서울특별시 강북구 인수봉로20길 26,37.62641138,127.012446,2025-03-24
강북장애인단체총연합회,번2-20,번2동,서울특별시 강북구 오현로25길 18-6,37.62832009,127.0373785,2025-03-24
강북장애인단체총연합회,송천5-26,송천동,서울특별시 강북구 도봉로37길 54,37.62187185,127.0245816,2025-03-24
강북장애인단체총연합회,미아3-8,미아동,서울특별시 강북구 도봉로47길 31,37.62416765,127.0243591,2025-03-24
강북장애인단체총연합회,송중9-33,송중동,서울특별시 강북구 도봉로18가길 8,37.61825367,127.0316405,2025-03-24
강북장애인단체총연합회,삼양-59,삼양동,서울특별시 강북구 인수봉로6길 8,37.62212879,127.0132049,2025-03-24
강북장애인단체총연합회,수유1-11,수유1동,서울특별시 강북구 인수봉로31길 5,37.63022868,127.0131546,2025-03-24
강북장애인단체총연합회,삼양-6,삼양동,서울특별시 강북구 삼양로63길 6,37.62756269,127.0176081,2025-03-24
강북장애인단체총연합회,미아3-32,미아동,서울특별시 강북구 도봉로65길 40-6,37.62965591,127.0222935,2025-03-24
강북장애인단체총연합회,인수-12,인수동,서울특별시 강북구 인수봉로73길 7-4,37.64225996,127.0102196,2025-03-24
강북장애인단체총연합회,수유2-14,수유2동,서울특별시 강북구 한천로161길 27-6,37.64551993,127.0175646,2025-03-24
강북장애인단체총연합회,번1-50,번1동,서울특별시 강북구 도봉로102길 70,37.64020605,127.0331237,2025-03-24
강북장애인단체총연합회,수유3-10,수유3동,서울특별시 강북구 노해로9길 65,37.6379566,127.0182079,2025-03-24
강북장애인단체총연합회,삼양-78,삼양동,서울특별시 강북구 삼양로58가길 23-8,37.62769393,127.0203932,2025-03-24
강북장애인단체총연합회,인수-36,인수동,서울특별시 강북구 인수봉로61길 65,37.63729563,127.0102627,2025-03-24
강북장애인단체총연합회,송천5-1,송천동,서울특별시 강북구 삼양로46가길 18,37.62346515,127.0200408,2025-03-24
강북장애인단체총연합회,우이-58,인수동,서울특별시 강북구 인수봉로79길 13,37.64485313,127.0100039,2025-03-24
강북장애인단체총연합회,수유3-34,수유3동,서울특별시 강북구 한천로139나길 14-8,37.63975329,127.0251753,2025-03-24
강북장애인단체총연합회,송중8-24,송중동,서울특별시 강북구 오현로8길 6,37.6161267,127.0326762,2025-03-24
강북장애인단체총연합회,송천5-58,송천동,서울특별시 강북구 삼양로38라길 27,37.62007236,127.0227134,2025-03-24
강북장애인단체총연합회,수유1-35,수유1동,서울특별시 강북구 인수봉로23가길 4-18,37.62743191,127.0105746,2025-03-24
강북장애인단체총연합회,우이-1,우이동,서울특별시 강북구 삼양로 644,37.66023049,127.0139255,2025-03-24
강북장애인단체총연합회,인수-55,인수동,서울특별시 강북구 삼양로109길 20-5,37.64212389,127.0155017,2025-03-24
강북장애인단체총연합회,송중9-13,송중동,서울특별시 강북구 오현로9길 133,37.62253128,127.0324574,2025-03-24
강북장애인단체총연합회,번1-25,번1동,서울특별시 강북구 한천로124가길 53,37.63852102,127.0298143,2025-03-24
강북장애인단체총연합회,미아3-64,미아동,서울특별시 강북구 오패산로52사길 61,37.6286405,127.0302824,2025-03-24
강북장애인단체총연합회,우이-25,우이동,서울특별시 강북구 삼양로155나길 30,37.6580863,127.0107238,2025-03-24
강북장애인단체총연합회,삼양-34,삼양동,서울특별시 강북구 인수봉로20가길 5,37.62615077,127.0125287,2025-03-24
강북장애인단체총연합회,번2-19,번2동,서울특별시 강북구 오현로25길 27,37.62817013,127.0366667,2025-03-24
강북장애인단체총연합회,송천5-25,미아동,서울특별시 강북구 오패산로52바길 30,37.62696002,127.0319242,2025-03-24
강북장애인단체총연합회,미아3-7,미아동,서울특별시 강북구 도봉로49길 59,37.62435678,127.0232578,2025-03-24
강북장애인단체총연합회,송중9-32,송중동,서울특별시 강북구 도봉로18길 29,37.61815039,127.0311321,2025-03-24
강북장애인단체총연합회,삼양-58,삼양동,서울특별시 강북구 솔샘로31길 10,37.62066397,127.0125899,2025-03-24
강북장애인단체총연합회,수유1-10,수유1동,서울특별시 강북구 인수봉로37길 10,37.63187767,127.0131668,2025-03-24
강북장애인단체총연합회,삼양-5,삼양동,서울특별시 강북구 삼양로65길 10,37.62770542,127.0174363,2025-03-24
강북장애인단체총연합회,미아3-31,미아동,서울특별시 강북구 도봉로65길 73,37.62870561,127.0206972,2025-03-24
강북장애인단체총연합회,인수-11,인수동,서울특별시 강북구 인수봉로73나길 27,37.64130429,127.0090765,2025-03-24
강북장애인단체총연합회,수유2-13,수유2동,서울특별시 강북구 삼양로122길 33-2,37.64532725,127.0171478,2025-03-24
강북장애인단체총연합회,번1-49,번1동,서울특별시 강북구 도봉로98길 33,37.64147629,127.0319968,2025-03-24
강북장애인단체총연합회,수유3-9,수유3동,서울특별시 강북구 노해로9길 59,37.63800466,127.0185698,2025-03-24
강북장애인단체총연합회,삼양-77,삼양동,서울특별시 강북구 삼양로64길 20-3,37.62767769,127.0195211,2025-03-24
강북장애인단체총연합회,인수-35,인수동,서울특별시 강북구 인수봉로55나길 9,37.6372043,127.0101166,2025-03-24
강북장애인단체총연합회,송중9-60,송중동,서울특별시 강북구 오패산로 188,37.61863549,127.0331535,2025-03-24
강북장애인단체총연합회,우이-57,우이동,서울특별시 강북구 인수봉로81길 11-22,37.64513458,127.0091843,2025-03-24
강북장애인단체총연합회,수유3-33,수유3동,서울특별시 강북구 노해로8가길 3,37.63818129,127.0235756,2025-03-24
강북장애인단체총연합회,송중8-23,송중동,서울특별시 강북구 오패산로 155-1,37.6157808,127.033349,2025-03-24
강북장애인단체총연합회,송천5-57,송천동,서울특별시 강북구 숭인로13길 33,37.61402447,127.0268474,2025-03-24
강북장애인단체총연합회,수유1-34,수유1동,서울특별시 강북구 인수봉로23길 54,37.6275534,127.0100178,2025-03-24
강북장애인단체총연합회,미아3-6,미아동,서울특별시 강북구 도봉로49길 66,37.62446078,127.0227579,2025-03-24
강북장애인단체총연합회,인수-54,인수동,서울특별시 강북구 삼양로111가길 8-3,37.6423535,127.0149434,2025-03-24
강북장애인단체총연합회,송중9-12,송중동,서울특별시 강북구 오현로9길 142,37.62297423,127.0326329,2025-03-24
강북장애인단체총연합회,번1-24,번1동,서울특별시 강북구 한천로 998,37.63783223,127.0304237,2025-03-24
강북장애인단체총연합회,미아3-63,미아동,서울특별시 강북구 오패산로52사길 43,37.62877973,127.0307791,2025-03-24
강북장애인단체총연합회,우이-24,우이동,서울특별시 강북구 삼양로159길 60-7,37.6590483,127.010473,2025-03-24
강북장애인단체총연합회,삼양-33,삼양동,서울특별시 강북구 인수봉로14길 4,37.62415334,127.0128723,2025-03-24
강북장애인단체총연합회,번2-18,번2동,서울특별시 강북구 오현로25다길 15,37.62759242,127.0365382,2025-03-24
강북장애인단체총연합회,송천5-24,미아동,서울특별시 강북구 오패산로52아길41-6,37.62800492,127.0296902,2025-03-24
강북장애인단체총연합회,수유3-8,수유3동,서울특별시 강북구 수유로17나길 7,37.63708477,127.0184686,2025-03-24
강북장애인단체총연합회,송중9-31,송중동,서울특별시 강북구 오현로7길 23,37.61763388,127.0318751,2025-03-24
강북장애인단체총연합회,삼양-57,삼양동,서울특별시 강북구 솔샘로 203,37.62030675,127.015132,2025-03-24
강북장애인단체총연합회,수유1-9,수유1동,서울특별시 강북구 삼양로 336-8,37.63351329,127.0180623,2025-03-24
강북장애인단체총연합회,삼양-4,삼양동,서울특별시 강북구 삼양로65길 18,37.62768439,127.017074,2025-03-24
강북장애인단체총연합회,미아3-30,미아동,서울특별시 강북구 도봉로63길 60,37.62858098,127.0208801,2025-03-24
강북장애인단체총연합회,인수-10,인수동,서울특별시 강북구 인수봉로73나길 2,37.64201451,127.0088857,2025-03-24
강북장애인단체총연합회,수유2-12,수유2동,서울특별시 강북구 삼양로122길 29-3,37.64506428,127.0169473,2025-03-24
강북장애인단체총연합회,번1-48,번1동,서울특별시 강북구 도봉로96가길 51,37.64180416,127.031324,2025-03-24
강북장애인단체총연합회,미아3-5,미아동,서울특별시 강북구 솔매로36길 9,37.62484387,127.0222318,2025-03-24
강북장애인단체총연합회,삼양-76,삼양동,서울특별시 강북구 삼양로68길 4-1,37.628138,127.0185295,2025-03-24
강북장애인단체총연합회,인수-34,인수동,서울특별시 강북구 인수봉로55가길 2,37.63664135,127.0096029,2025-03-24
강북장애인단체총연합회,송중9-59,송중동,서울특별시 강북구 솔매로50길 46,37.62444597,127.0275161,2025-03-24
강북장애인단체총연합회,우이-56,인수동,서울특별시 강북구 4.19로13길 42,37.64458851,127.0085343,2025-03-24
강북장애인단체총연합회,수유3-32,수유3동,서울특별시 강북구 삼각산로36길 19,37.64131347,127.022073,2025-03-24
강북장애인단체총연합회,송중8-22,송중동,서울특별시 강북구 오패산로38길 5,37.61544381,127.0340103,2025-03-24
강북장애인단체총연합회,송천5-56,송천동,서울특별시 강북구 숭인로13길 27-2,37.61385404,127.0269402,2025-03-24
강북장애인단체총연합회,수유1-33,수유1동,서울특별시 강북구 인수봉로23길 57,37.62724546,127.0098293,2025-03-24
강북장애인단체총연합회,수유3-7,수유3동,서울특별시 강북구 삼양로92길 29,37.63646378,127.0185561,2025-03-24
강북장애인단체총연합회,인수-53,인수동,서울특별시 강북구 삼양로111길 37,37.642016,127.0144493,2025-03-24
강북장애인단체총연합회,송중9-11,송중동,서울특별시 강북구 오현로9길 156-4,37.62351368,127.03249,2025-03-24
강북장애인단체총연합회,번1-23,번1동,서울특별시 강북구 한천로 988,37.63724551,127.0313944,2025-03-24
강북장애인단체총연합회,미아3-62,미아동,서울특별시 강북구 오패산로52사길 35,37.62846636,127.0310211,2025-03-24
강북장애인단체총연합회,우이-23,우이동,서울특별시 강북구 삼양로163길 63,37.65932086,127.0107414,2025-03-24
강북장애인단체총연합회,삼양-32,삼양동,서울특별시 강북구 솔매로6길 17,37.62447368,127.0134685,2025-03-24
강북장애인단체총연합회,번2-17,번2동,서울특별시 강북구 오현로25다길 90,37.62577857,127.0328912,2025-03-24
강북장애인단체총연합회,송천5-23,송천동,서울특별시 강북구 도봉로19길 17-4,37.61794621,127.0282123,2025-03-24
강북장애인단체총연합회,미아3-4,미아동,서울특별시 강북구 도봉로51길 46,37.62507697,127.0231804,2025-03-24
강북장애인단체총연합회,송중9-30,송중동,서울특별시 강북구 도봉로18다길 21,37.61943957,127.0323162,2025-03-24
강북장애인단체총연합회,삼양-56,삼양동,서울특별시 강북구 솔샘로 207-1,37.62026671,127.0157329,2025-03-24
강북장애인단체총연합회,수유1-8,수유1동,서울특별시 강북구 덕릉로12길 6,37.63372345,127.0162468,2025-03-24
강북장애인단체총연합회,삼양-3,삼양동,서울특별시 강북구 삼양로67길 14,37.62809976,127.0171818,2025-03-24
강북장애인단체총연합회,미아3-29,미아동,서울특별시 강북구 솔매로41길 81,37.62890485,127.0219068,2025-03-24
강북장애인단체총연합회,인수-9,인수동,서울특별시 강북구 인수봉로73가길 15-5,37.6426864,127.0084236,2025-03-24
강북장애인단체총연합회,수유2-11,수유2동,서울특별시 강북구 삼각산로31길 28,37.64269566,127.0203325,2025-03-24
강북장애인단체총연합회,번1-47,번1동,서울특별시 강북구 한천로132길 87,37.64212804,127.0312631,2025-03-24
강북장애인단체총연합회,수유3-6,수유3동,서울특별시 강북구 삼양로92길 49,37.63578546,127.0193354,2025-03-24
강북장애인단체총연합회,삼양-75,삼양동,서울특별시 강북구 삼양로47길 5,37.62313892,127.0187311,2025-03-24
강북장애인단체총연합회,인수-33,인수동,서울특별시 강북구 인수봉로55가길 18,37.63601165,127.0097245,2025-03-24
강북장애인단체총연합회,송중9-58,송중동,서울특별시 강북구 솔매로50길 62,37.62372792,127.0278539,2025-03-24
강북장애인단체총연합회,우이-55,인수동,서울특별시 강북구 4.19로21길 38,37.6446997,127.0067538,2025-03-24
강북장애인단체총연합회,수유3-31,수유3동,서울특별시 강북구 노해로13길 12,37.6396901,127.0218903,2025-03-24
강북장애인단체총연합회,송중8-21,송중동,서울특별시 강북구 오패산로38길 6-12,37.61491392,127.034221,2025-03-24
강북장애인단체총연합회,송천5-55,송천동,서울특별시 강북구 삼양로16길 35,37.61314523,127.0240272,2025-03-24
강북장애인단체총연합회,수유1-32,수유1동,서울특별시 강북구 인수봉로23길 14,37.62802207,127.0121868,2025-03-24
강북장애인단체총연합회,미아3-3,미아동,서울특별시 강북구 도봉로51길 29,37.62506626,127.0240641,2025-03-24
강북장애인단체총연합회,인수-52,인수동,서울특별시 강북구 삼양로111길 57,37.64178956,127.0132285,2025-03-24
강북장애인단체총연합회,송중9-10,송중동,서울특별시 강북구 오현로9길 166,37.62400744,127.0322684,2025-03-24
강북장애인단체총연합회,번1-22,번1동,서울특별시 강북구 덕릉로41길 15,37.63564657,127.030894,2025-03-24
강북장애인단체총연합회,미아3-61,미아동,서울특별시 강북구 오패산로52사길 9,37.62743696,127.0318501,2025-03-24
강북장애인단체총연합회,우이-22,우이동,서울특별시 강북구 삼양로163길 54,37.65956904,127.0113275,2025-03-24
강북장애인단체총연합회,삼양-31,삼양동,서울특별시 강북구 솔매로22가길 62,37.62380022,127.0148254,2025-03-24
강북장애인단체총연합회,번2-16,번2동,서울특별시 강북구 오현로25다길 60,37.62657526,127.0344555,2025-03-24
강북장애인단체총연합회,송천5-22,송천동,서울특별시 강북구 도봉로21길 10,37.61858113,127.0276263,2025-03-24
강북장애인단체총연합회,수유3-5,수유3동,서울특별시 강북구 수유로 53-5,37.63584966,127.0194706,2025-03-24
강북장애인단체총연합회,송중9-29,송중동,서울특별시 강북구 도봉로28길 70,37.62095315,127.0322966,2025-03-24
강북장애인단체총연합회,삼양-55,삼각산동,서울특별시 강북구 솔샘로48길 11-2,37.61923344,127.0182499,2025-03-24
강북장애인단체총연합회,수유1-7,수유1동,서울특별시 강북구 덕릉로 12,37.63373005,127.0148758,2025-03-24
강북장애인단체총연합회,삼양-2,삼양동,서울특별시 강북구 삼양로69길 17-4,37.62809684,127.0168307,2025-03-24
강북장애인단체총연합회,미아3-28,미아동,서울특별시 강북구 도봉로63길 30,37.62897288,127.0225064,2025-03-24
강북장애인단체총연합회,인수-8,인수동,서울특별시 강북구 인수봉로79길 79,37.6426254,127.0075972,2025-03-24
강북장애인단체총연합회,수유2-10,수유2동,서울특별시 강북구 삼각산로31길 10,37.64202362,127.0207833,2025-03-24
강북장애인단체총연합회,번1-46,번1동,서울특별시 강북구 한천로132길 70,37.64156444,127.0306586,2025-03-24
강북장애인단체총연합회,미아3-2,미아동,서울특별시 강북구 솔매로45길 7,37.62635559,127.0252595,2025-03-24
강북장애인단체총연합회,삼양-74,삼양동,서울특별시 강북구 삼양로53길 15-2,37.62441653,127.0174228,2025-03-24
강북장애인단체총연합회,인수-32,인수동,서울특별시 강북구 인수봉로55가길 30,37.63545241,127.0096526,2025-03-24
강북장애인단체총연합회,송중9-57,송중동,서울특별시 강북구 도봉로30길 42,37.62132812,127.0307738,2025-03-24
강북장애인단체총연합회,우이-54,우이동,서울특별시 강북구 4.19로 67,37.64593721,127.0071226,2025-03-24
강북장애인단체총연합회,수유3-30,수유3동,서울특별시 강북구 삼각산로34길 12,37.64139878,127.021494,2025-03-24
강북장애인단체총연합회,송중8-20,송중동,서울특별시 강북구 오패산로38길 20,37.6152518,127.0347717,2025-03-24
강북장애인단체총연합회,송천5-54,송천동,서울특별시 강북구 도봉로37길 56,37.62185289,127.0244686,2025-03-24
강북장애인단체총연합회,수유1-31,수유1동,서울특별시 강북구 삼양로77가길 98,37.62815312,127.0127742,2025-03-24
강북장애인단체총연합회,수유3-4,수유3동,서울특별시 강북구 수유로17길 19,37.63678148,127.0199229,2025-03-24
강북장애인단체총연합회,인수-51,인수동,서울특별시 강북구 인수봉로68길 19,37.64101743,127.0124795,2025-03-24
강북장애인단체총연합회,번1-21,번1동,서울특별시 강북구 덕릉로41길 43,37.63675592,127.0299278,2025-03-24
강북장애인단체총연합회,미아3-60,미아동,서울특별시 강북구 오패산로52길 73,37.6261331,127.0321729,2025-03-24
강북장애인단체총연합회,삼양-30,삼양동,서울특별시 강북구 솔매로22가길 45,37.62447262,127.0144201,2025-03-24
강북장애인단체총연합회,번2-15,번2동,서울특별시 강북구 오현로25나길 92,37.62562828,127.0332443,2025-03-24
강북장애인단체총연합회,미아3-1,미아동,서울특별시 강북구 솔매로43길 9,37.62619308,127.0241287,2025-03-24
강북장애인단체총연합회,송중9-28,송중동,서울특별시 강북구 오패산로223,37.62175323,127.032071,2025-03-24
강북장애인단체총연합회,수유1-6,수유1동,서울특별시 강북구 인수봉로 148,37.63290084,127.0137651,2025-03-24
강북장애인단체총연합회,삼양-1,삼양동,서울특별시 강북구 삼양로63가길 13,37.62772359,127.0163711,2025-03-24
강북장애인단체총연합회,인수-7,인수동,서울특별시 강북구 4.19로25길 54,37.6420748,127.0053383,2025-03-24
강북장애인단체총연합회,수유2-9,수유2동,서울특별시 강북구 삼각산로33길 3,37.64199903,127.0210782,2025-03-24
강북장애인단체총연합회,수유3-3,수유3동,서울특별시 강북구 수유로 69-10,37.6366547,127.0209329,2025-03-24
강북장애인단체총연합회,삼양-73,삼양동,서울특별시 강북구 삼양로53길 19-3,37.62428955,127.0173226,2025-03-24
강북장애인단체총연합회,송중9-56,송중동,서울특별시 강북구 도봉로38길 21,37.62292583,127.0289292,2025-03-24
강북장애인단체총연합회,우이-53,우이동,서울특별시 강북구 4.19로 55,37.64641788,127.0085667,2025-03-24
강북장애인단체총연합회,송중8-19,송중동,서울특별시 강북구 오현로 40,37.61644682,127.0343598,2025-03-24
강북장애인단체총연합회,송천5-53,송천동,서울특별시 강북구 삼양로14길 17,37.61221429,127.0225895,2025-03-24
강북장애인단체총연합회,번2-53,번2동,서울특별시 강북구 오현로25라길 28,37.62752103,127.0355196,2025-03-24
강북장애인단체총연합회,인수-50,인수동,서울특별시 강북구 인수봉로68길 25,37.6411738,127.0128627,2025-03-24
강북장애인단체총연합회,번1-20,번1동,서울특별시 강북구 한천로129길 21,37.63706586,127.0292667,2025-03-24
강북장애인단체총연합회,미아3-59,미아동,서울특별시 강북구 오패산로58길 6,37.62550421,127.0301985,2025-03-24
강북장애인단체총연합회,삼양-29,삼양동,서울특별시 강북구 솔매로22가길 37,37.62452097,127.0148159,2025-03-24
강북장애인단체총연합회,번2-14,번2동,서울특별시 강북구 오현로25나길 70,37.62608672,127.0342126,2025-03-24
강북장애인단체총연합회,수유3-2,수유3동,서울특별시 강북구 수유로23길 11-1,37.63684502,127.0221541,2025-03-24
강북장애인단체총연합회,송중9-27,송중동,서울특별시 강북구 오패산로48길 50,37.62285303,127.032136,2025-03-24
강북장애인단체총연합회,수유1-5,수유1동,서울특별시 강북구 인수봉로42길 5,37.63251523,127.0139855,2025-03-24
강북장애인단체총연합회,수유3-61,수유3동,서울특별시 강북구 노해로 104,37.64457146,127.023798,2025-03-24
강북장애인단체총연합회,인수-6,인수동,서울특별시 강북구 4.19로27길 3,37.64315261,127.0038622,2025-03-24
강북장애인단체총연합회,수유2-8,수유2동,서울특별시 강북구 노해로19길 16,37.64273142,127.0213859,2025-03-24
강북장애인단체총연합회,번2-52,번2동,서울특별시 강북구 오현로31길 22,37.62968423,127.0389244,2025-03-24
강북장애인단체총연합회,삼양-72,삼양동,서울특별시 강북구 삼양로53길 25-14,37.62394418,127.0169646,2025-03-24
강북장애인단체총연합회,송중9-55,송중동,서울특별시 강북구 도봉로38길 29,37.62309284,127.0295161,2025-03-24
강북장애인단체총연합회,우이-52,우이동,서울특별시 강북구 삼양로139나길 2,37.64897333,127.0124537,2025-03-24
강북장애인단체총연합회,송중8-18,송중동,서울특별시 강북구 오패산로 156,37.61557682,127.033748,2025-03-24
강북장애인단체총연합회,송천5-52,송천동,서울특별시 강북구 삼양로 230-12,37.62400158,127.0195354,2025-03-24
강북장애인단체총연합회,수유3-1,수유3동,서울특별시 강북구 노해로7길 6,37.63794613,127.0223776,2025-03-24
강북장애인단체총연합회,인수-49,인수동,서울특별시 강북구 삼양로107길 45,37.64128293,127.0140624,2025-03-24
강북장애인단체총연합회,번1-19,번1동,서울특별시 강북구 덕릉로41길 70,37.63764041,127.0290099,2025-03-24
강북장애인단체총연합회,미아3-58,미아동,서울특별시 강북구 오패산로60길 15,37.62621735,127.0303592,2025-03-24
강북장애인단체총연합회,삼양-28,삼양동,서울특별시 강북구 솔매로22가길 29,37.62452408,127.0151897,2025-03-24
강북장애인단체총연합회,번2-13,번2동,서울특별시 강북구 오현로25나길 39,37.62672086,127.0357338,2025-03-24
강북장애인단체총연합회,번2-51,번2동,서울특별시 강북구 오현로31길 113-4,37.63248013,127.0348324,2025-03-24
강북장애인단체총연합회,송중9-26,송중동,서울특별시 강북구 오패산로48길 26,37.62187369,127.0324772,2025-03-24
강북장애인단체총연합회,수유1-4,수유1동,서울특별시 강북구 인수봉로41길 15-1,37.63225285,127.0127767,2025-03-24
강북장애인단체총연합회,수유3-60,수유3동,서울특별시 강북구 수유로21길 4,37.63651796,127.0218298,2025-03-24
강북장애인단체총연합회,인수-5,인수동,서울특별시 강북구 4.19로 103,37.64361352,127.0040261,2025-03-24
강북장애인단체총연합회,수유2-7,수유2동,서울특별시 강북구 한천로155길 24,37.64382004,127.0201025,2025-03-24
강북장애인단체총연합회,수유2-45,수유2동,서울특별시 강북구 노해로35가길 30,37.64861302,127.0211275,2025-03-24
강북장애인단체총연합회,삼양-71,삼양동,서울특별시 강북구 삼양로 229,37.62387477,127.0183702,2025-03-24
강북장애인단체총연합회,송중9-54,송중동,서울특별시 강북구 도봉로38길 57,37.62368765,127.0306299,2025-03-24
강북장애인단체총연합회,우이-51,우이동,서울특별시 강북구 삼양로139길 50,37.64818231,127.0116029,2025-03-24
강북장애인단체총연합회,송중8-17,송중동,서울특별시 강북구 월계로 57,37.61220546,127.0357738,2025-03-24
강북장애인단체총연합회,송천5-51,송천동,서울특별시 강북구 숭인로7길 7,37.61245571,127.0245459,2025-03-24
강북장애인단체총연합회,번2-50,번2동,서울특별시 강북구 오현로31길 125-5,37.63265949,127.0347282,2025-03-24
강북장애인단체총연합회,인수-48,인수동,서울특별시 강북구 삼각산로17길 9-5,37.64094512,127.0146107,2025-03-24
강북장애인단체총연합회,번1-18,번1동,서울특별시 강북구 한천로123가길 60,37.63782538,127.0273986,2025-03-24
강북장애인단체총연합회,미아3-57,미아동,서울특별시 강북구 오패산로60길 5-6,37.62622282,127.0299286,2025-03-24
강북장애인단체총연합회,삼양-27,삼양동,서울특별시 강북구 솔매로22가길 21,37.624628,127.0157661,2025-03-24
강북장애인단체총연합회,번2-12,번2동,서울특별시 강북구 오현로25나길 20,37.62741186,127.0364953,2025-03-24
강북장애인단체총연합회,수유2-44,수유2동,서울특별시 강북구 노해로35가길 24,37.64836311,127.0214141,2025-03-24
강북장애인단체총연합회,송중9-25,송중동,서울특별시 강북구 오패산로 174,37.61725955,127.0334771,2025-03-24
강북장애인단체총연합회,수유1-3,수유1동,서울특별시 강북구 화계사1나길 18,37.63273776,127.0115013,2025-03-24
강북장애인단체총연합회,수유3-59,수유3동,서울특별시 강북구 한천로144길 71-13,37.64402346,127.0272726,2025-03-24
강북장애인단체총연합회,인수-4,인수동,서울특별시 강북구 인수봉로79길 108-18,37.64302535,127.0058696,2025-03-24
강북장애인단체총연합회,수유2-6,수유2동,서울특별시 강북구 한천로155길 38,37.64393067,127.0193192,2025-03-24
강북장애인단체총연합회,번2-49,번2동,서울특별시 강북구 오현로31길 133-13,37.63260006,127.0340718,2025-03-24
강북장애인단체총연합회,삼양-70,삼양동,서울특별시 강북구 솔매로 31-1,37.62555691,127.0158672,2025-03-24
강북장애인단체총연합회,송중9-53,송중동,서울특별시 강북구 도봉로38길 45-1,37.62345805,127.0301004,2025-03-24
강북장애인단체총연합회,우이-50,우이동,서울특별시 강북구 삼양로139길 70,37.64791308,127.0106546,2025-03-24
강북장애인단체총연합회,삼양-26,삼양동,서울특별시 강북구 솔매로22길 43,37.62409409,127.0154899,2025-03-24
강북장애인단체총연합회,송천5-50,송천동,서울특별시 강북구 숭인로7길 11,37.61264416,127.0244528,2025-03-24
강북장애인단체총연합회,수유2-43,수유2동,서울특별시 강북구 노해로35가길 28,37.64851495,127.0212534,2025-03-24
강북장애인단체총연합회,인수-47,인수동,서울특별시 강북구 삼각산로18길 4,37.64037513,127.0154114,2025-03-24
강북장애인단체총연합회,번1-17,번1동,서울특별시 강북구 한천로123가길 50,37.63746001,127.0278906,2025-03-24
강북장애인단체총연합회,미아3-56,미아동,서울특별시 강북구 도봉로50길 29-4,37.62601261,127.02847,2025-03-24
강북장애인단체총연합회,인수-3,인수동,서울특별시 강북구 인수봉로79가길 52,37.64393229,127.0065714,2025-03-24
강북장애인단체총연합회,번2-11,번2동,서울특별시 강북구 오현로25길 16,37.62812161,127.0373471,2025-03-24
강북장애인단체총연합회,송중9-9,송중동,서울특별시 강북구 오패산로52마길 27,37.62457169,127.0318532,2025-03-24
강북장애인단체총연합회,번2-48,번2동,서울특별시 강북구 덕릉로40길 67,37.63405988,127.0329879,2025-03-24
강북장애인단체총연합회,송중9-24,송중동,서울특별시 강북구 오현로9길 17,37.61730626,127.0336804,2025-03-24
강북장애인단체총연합회,우이-21,우이동,서울특별시 강북구 삼양로163길 35,37.6588702,127.0118014,2025-03-24
강북장애인단체총연합회,수유1-2,수유1동,서울특별시 강북구 화계사길 25,37.63350715,127.0119217,2025-03-24
강북장애인단체총연합회,수유3-58,수유3동,서울특별시 강북구 도봉로101길 19,37.64321323,127.0295494,2025-03-24
강북장애인단체총연합회,송천5-21,송천동,서울특별시 강북구 도봉로27길 28,37.61995369,127.0268948,2025-03-24
강북장애인단체총연합회,송중8-15,송중동,서울특별시 강북구 월계로 99,37.61505199,127.0389992,2025-03-24
강북장애인단체총연합회,수유2-5,수유2동,서울특별시 강북구 한천로155길 42,37.64401842,127.0190347,2025-03-24
강북장애인단체총연합회,삼양-54,삼각산동,서울특별시 강북구 솔샘로48길 5-19,37.61911229,127.0188519,2025-03-24
강북장애인단체총연합회,수유2-42,수유2동,서울특별시 강북구 노해로35길 7,37.64684048,127.0246976,2025-03-24
강북장애인단체총연합회,삼양-69,삼양동,서울특별시 강북구 솔매로 29-3,37.62560832,127.0155493,2025-03-24
강북장애인단체총연합회,미아3-27,미아동,서울특별시 강북구 도봉로63길 15,37.62900656,127.0233103,2025-03-24
강북장애인단체총연합회,송중9-52,송중동,서울특별시 강북구 솔매로50가길 32,37.62353774,127.0299295,2025-03-24
강북장애인단체총연합회,우이-49,우이동,서울특별시 강북구 삼양로139나길 52,37.64838288,127.0097305,2025-03-24
강북장애인단체총연합회,번1-45,번1동,서울특별시 강북구 도봉로 394,37.64162257,127.0300573,2025-03-24
강북장애인단체총연합회,삼양-25,삼양동,서울특별시 강북구 솔매로22길 32,37.62450215,127.0158018,2025-03-24
강북장애인단체총연합회,송천5-49,송천동,서울특별시 강북구 숭인로7길 21,37.61302284,127.0244818,2025-03-24
강북장애인단체총연합회,인수-31,인수동,서울특별시 강북구 인수봉로55다길 6,37.63703795,127.0096203,2025-03-24
강북장애인단체총연합회,번2-47,번2동,서울특별시 강북구 덕릉로42길 40-14,37.63348599,127.0311259,2025-03-24
강북장애인단체총연합회,인수-46,인수동,서울특별시 강북구 인수봉로64길 29,37.63997961,127.0144422,2025-03-24
강북장애인단체총연합회,수유3-29,수유3동,서울특별시 강북구 노해로9가길 10,37.63859394,127.019004,2025-03-24
강북장애인단체총연합회,번1-16,번1동,서울특별시 강북구 한천로123가길 5,37.6361313,127.0295734,2025-03-24
강북장애인단체총연합회,미아3-55,미아동,서울특별시 강북구 솔매로50길 14,37.62581158,127.0270338,2025-03-24
강북장애인단체총연합회,수유1-30,수유1동,서울특별시 강북구 삼양로77가길 92,37.62821846,127.0130452,2025-03-24
강북장애인단체총연합회,인수-2,인수동,서울특별시 강북구 인수봉로79가길 41-2,37.64348401,127.006838,2025-03-24
강북장애인단체총연합회,번2-10,번2동,서울특별시 강북구 오현로25가길 5,37.62757323,127.0375014,2025-03-24
강북장애인단체총연합회,송중9-8,송중동,서울특별시 강북구 오패산로52나길 30,37.62519399,127.0308256,2025-03-24
강북장애인단체총연합회,수유2-41,수유2동,서울특별시 강북구 노해로35길 13,37.64709134,127.0245243,2025-03-24
강북장애인단체총연합회,송중9-23,송중동,서울특별시 강북구 오현로9길 41,37.61843969,127.0334505,2025-03-24
강북장애인단체총연합회,우이-20,우이동,서울특별시 강북구 삼양로163길 18,37.65879661,127.0126978,2025-03-24
강북장애인단체총연합회,수유1-1,수유1동,서울특별시 강북구 화계사길 37-7,37.63319429,127.0111441,2025-03-24
강북장애인단체총연합회,수유3-57,수유3동,서울특별시 강북구 도봉로101길 29,37.64348899,127.0291152,2025-03-24
강북장애인단체총연합회,송천5-20,송천동,서울특별시 강북구 도봉로31길 5,37.62089104,127.026928,2025-03-24
강북장애인단체총연합회,송중8-14,송중동,서울특별시 강북구 월계로21길 1,37.61370753,127.0376573,2025-03-24
강북장애인단체총연합회,수유2-4,수유2동,서울특별시 강북구 삼양로116길 25,37.64375457,127.0176444,2025-03-24
강북장애인단체총연합회,삼양-53,삼양동,서울특별시 강북구 솔샘로47가길 14,37.62070504,127.0175169,2025-03-24
강북장애인단체총연합회,번2-46,번2동,서울특별시 강북구 덕릉로42길 40-6,37.63357952,127.0315439,2025-03-24
강북장애인단체총연합회,삼양-68,삼양동,서울특별시 강북구 솔매로 34-7,37.62525238,127.0160864,2025-03-24
강북장애인단체총연합회,미아3-26,미아동,서울특별시 강북구 도봉로63길 4,37.62932704,127.0239292,2025-03-24
강북장애인단체총연합회,송중9-51,송중동,서울특별시 강북구 도봉로36길 16,37.62246143,127.0294337,2025-03-24
강북장애인단체총연합회,우이-48,우이동,서울특별시 강북구 삼양로139나길 38-17,37.64899817,127.0100396,2025-03-24
강북장애인단체총연합회,번1-44,번1동,서울특별시 강북구 도봉로 386-6,37.6410233,127.0294985,2025-03-24
강북장애인단체총연합회,삼양-24,삼양동,서울특별시 강북구 삼양로 257,37.62627736,127.0179875,2025-03-24
강북장애인단체총연합회,송천5-48,송천동,서울특별시 강북구 숭인로7길 31,37.6135528,127.0242824,2025-03-24
강북장애인단체총연합회,인수-30,인수동,서울특별시 강북구 삼각산로4길 52-18,37.63766101,127.0087056,2025-03-24
강북장애인단체총연합회,수유2-40,수유2동,서울특별시 강북구 노해로35길 31,37.64733762,127.0237959,2025-03-24
강북장애인단체총연합회,인수-45,인수동,서울특별시 강북구 인수봉로 227,37.63944003,127.0124098,2025-03-24
강북장애인단체총연합회,수유3-28,수유3동,서울특별시 강북구 삼각산로28길 67,37.63812594,127.0201545,2025-03-24
강북장애인단체총연합회,번1-15,번1동,서울특별시 강북구 오패산로73길 9,37.63634458,127.0270213,2025-03-24
강북장애인단체총연합회,미아3-54,미아동,서울특별시 강북구 도봉로50길 10,37.62539854,127.0272091,2025-03-24
강북장애인단체총연합회,수유1-29,수유1동,서울특별시 강북구 삼양로77길 73,37.62842051,127.0145833,2025-03-24
강북장애인단체총연합회,인수-1,인수동,서울특별시 강북구 인수봉로75길 46,37.64394961,127.0086334,2025-03-24
강북장애인단체총연합회,번2-9,번2동,서울특별시 강북구 오현로25가길 16,37.62731608,127.0369043,2025-03-24
강북장애인단체총연합회,송중9-7,송중동,서울특별시 강북구 오패산로 269,37.62531176,127.0298045,2025-03-24
강북장애인단체총연합회,번2-45,번2동,서울특별시 강북구 덕릉로40길 39,37.63393079,127.031528,2025-03-24
강북장애인단체총연합회,송중9-22,송중동,서울특별시 강북구 오패산로52다길 52,37.62254447,127.032967,2025-03-24
강북장애인단체총연합회,우이-19,우이동,서울특별시 강북구 삼양로163나길 36,37.66022482,127.0121689,2025-03-24
강북장애인단체총연합회,인수-73,인수동,서울특별시 강북구 인수봉로50길 6,37.63477308,127.0135365,2025-03-24
강북장애인단체총연합회,수유3-56,수유3동,서울특별시 강북구 도봉로101길 35,37.64368486,127.0288294,2025-03-24
강북장애인단체총연합회,송천5-19,송천동,서울특별시 강북구 도봉로35길 28,37.62164396,127.0253549,2025-03-24
강북장애인단체총연합회,송중8-13,송중동,서울특별시 강북구 월계로21나길 15,37.61488924,127.0378233,2025-03-24
강북장애인단체총연합회,수유2-3,수유2동,서울특별시 강북구 삼양로112길 29,37.64276543,127.0178841,2025-03-24
강북장애인단체총연합회,삼양-52,삼양동,서울특별시 강북구 삼양로35가길 4,37.62053532,127.019864,2025-03-24
강북장애인단체총연합회,수유2-39,수유2동,서울특별시 강북구 노해로35길 39,37.64745099,127.0233411,2025-03-24
강북장애인단체총연합회,삼양-67,삼양동,서울특별시 강북구 솔매로 12,37.62511515,127.0136753,2025-03-24
강북장애인단체총연합회,미아3-25,미아동,서울특별시 강북구 도봉로61길 22,37.62870371,127.0237334,2025-03-24
강북장애인단체총연합회,송중9-50,송중동,서울특별시 강북구 도봉로20가길 86,37.62229349,127.0287335,2025-03-24
강북장애인단체총연합회,우이-47,우이동,서울특별시 강북구 삼양로141길 61,37.64874611,127.0111422,2025-03-24
강북장애인단체총연합회,번1-43,번1동,서울특별시 강북구 도봉로96길 5-11,37.641116,127.0298146,2025-03-24
강북장애인단체총연합회,삼양-23,삼양동,서울특별시 강북구 삼양로59길 25,37.62612313,127.0167773,2025-03-24
강북장애인단체총연합회,송천5-47,송천동,서울특별시 강북구 숭인로7길 45,37.61407236,127.0239131,2025-03-24
강북장애인단체총연합회,인수-29,인수동,서울특별시 강북구 삼각산로4길 52-2,37.63825619,127.0087657,2025-03-24
강북장애인단체총연합회,번2-44,번2동,서울특별시 강북구 덕릉로40길 23-15,37.63425634,127.0316711,2025-03-24
강북장애인단체총연합회,인수-44,인수동,서울특별시 강북구 인수봉로 218-1,37.63904427,127.0135707,2025-03-24
강북장애인단체총연합회,수유3-27,수유3동,서울특별시 강북구 노해로9길 48,37.63826257,127.0192463,2025-03-24
강북장애인단체총연합회,번1-14,번1동,서울특별시 강북구 오패산로77가길 8,37.63653466,127.0260331,2025-03-24
강북장애인단체총연합회,미아3-53,미아동,서울특별시 강북구 솔매로50길 33-5,37.62505184,127.0277801,2025-03-24
강북장애인단체총연합회,수유1-28,수유1동,서울특별시 강북구 삼양로77가길 48-4,37.62861509,127.0152265,2025-03-24
강북장애인단체총연합회,우이-75,우이동,서울특별시 강북구 인수봉로 318,37.64713827,127.0106649,2025-03-24
강북장애인단체총연합회,번2-8,번2동,서울특별시 강북구 오현로25가길 38,37.62669596,127.0359947,2025-03-24
강북장애인단체총연합회,송중9-6,미아동,서울특별시 강북구 오패산로 262,37.62487522,127.0304106,2025-03-24
강북장애인단체총연합회,수유2-38,수유2동,서울특별시 강북구 노해로35길 57,37.64772128,127.0222497,2025-03-24
강북장애인단체총연합회,송중9-21,송중동,서울특별시 강북구 오패산로52다길 42,37.62299382,127.0328252,2025-03-24
강북장애인단체총연합회,우이-18,우이동,서울특별시 강북구 삼양로163나길 54,37.66096899,127.0117283,2025-03-24
강북장애인단체총연합회,인수-72,인수동,서울특별시 강북구 인수봉로 164,37.63439497,127.0135754,2025-03-24
강북장애인단체총연합회,수유3-55,수유3동,서울특별시 강북구 도봉로101길 39,37.64377375,127.0286809,2025-03-24
강북장애인단체총연합회,번1-42,번1동,서울특별시 강북구 도봉로96길 46-6,37.63939262,127.0306188,2025-03-24
강북장애인단체총연합회,송중8-12,송중동,서울특별시 강북구 월계로21나길 20-5,37.61520835,127.0382836,2025-03-24
강북장애인단체총연합회,수유2-2,수유2동,서울특별시 강북구 삼양로112길 19,37.64269982,127.017579,2025-03-24
강북장애인단체총연합회,삼양-51,삼양동,서울특별시 강북구 삼양로35길 4,37.62040516,127.0204661,2025-03-24
강북장애인단체총연합회,번2-43,번2동,서울특별시 강북구 덕릉로40길 23-31,37.6343089,127.0325882,2025-03-24
강북장애인단체총연합회,삼양-66,삼양동,서울특별시 강북구 솔매로 10,37.62506792,127.0134153,2025-03-24
강북장애인단체총연합회,미아3-24,미아동,서울특별시 강북구 도봉로61길 40-1,37.62845193,127.0227058,2025-03-24
강북장애인단체총연합회,송중9-49,송중동,서울특별시 강북구 도봉로20가길 79,37.62197658,127.0285451,2025-03-24
강북장애인단체총연합회,우이-46,우이동,서울특별시 강북구 삼양로141길 45,37.64935893,127.0111567,2025-03-24
강북장애인단체총연합회,수유1-27,수유1동,서울특별시 강북구 삼양로77가길 51,37.62828175,127.0152309,2025-03-24
강북장애인단체총연합회,삼양-22,삼양동,서울특별시 강북구 솔매로17길 11,37.62582129,127.0162375,2025-03-24
강북장애인단체총연합회,송천5-46,송천동,서울특별시 강북구 숭인로7나길 13,37.6139812,127.0248771,2025-03-24
강북장애인단체총연합회,인수-28,인수동,서울특별시 강북구 삼각산로4길 17,37.63836881,127.0071552,2025-03-24
강북장애인단체총연합회,수유2-37,수유2동,서울특별시 강북구 노해로35길 67,37.64804234,127.0218489,2025-03-24
강북장애인단체총연합회,인수-43,인수동,서울특별시 강북구 인수봉로61길 30-6,37.6383097,127.0119262,2025-03-24
강북장애인단체총연합회,수유3-26,수유3동,서울특별시 강북구 수유로17길 36,37.63690121,127.0191508,2025-03-24
강북장애인단체총연합회,번1-13,번1동,서울특별시 강북구 오패산로77길 27,37.63642244,127.025536,2025-03-24
강북장애인단체총연합회,미아3-52,미아동,서울특별시 강북구 도봉로46길 43,37.62528101,127.0293518,2025-03-24
강북장애인단체총연합회,송천5-17,송천동,서울특별시 강북구 도봉로33길 18,37.62156292,127.0264548,2025-03-24
강북장애인단체총연합회,우이-74,우이동,서울특별시 강북구 삼양로131길 10,37.64769616,127.0138077,2025-03-24
강북장애인단체총연합회,번2-7,번2동,서울특별시 강북구 오현로25가길 48,37.62645774,127.0355106,2025-03-24
강북장애인단체총연합회,송중9-5,송중동,서울특별시 강북구 오패산로 260,37.62430243,127.0308825,2025-03-24
강북장애인단체총연합회,번2-42,번2동,서울특별시 강북구 덕릉로40나길 42,37.63456535,127.0319957,2025-03-24
강북장애인단체총연합회,송중9-20,송중동,서울특별시 강북구 오패산로52다길 7,37.62454122,127.0325333,2025-03-24
강북장애인단체총연합회,우이-17,우이동,서울특별시 강북구 삼양로169길 34-28,37.66178514,127.0112755,2025-03-24
강북장애인단체총연합회,인수-71,인수동,서울특별시 강북구 덕릉로 45,37.63464615,127.0188519,2025-03-24
강북장애인단체총연합회,수유3-54,수유3동,서울특별시 강북구 도봉로101길 65,37.64449419,127.0275384,2025-03-24
강북장애인단체총연합회,번1-41,번1동,서울특별시 강북구 한천로130가길 13,37.63953138,127.0310589,2025-03-24
강북장애인단체총연합회,송중8-11,송중동,서울특별시 강북구 월계로21길 37 ,37.61509353,127.0385683,2025-03-24
강북장애인단체총연합회,수유2-1,수유2동,서울특별시 강북구 삼양로112길 9,37.64255997,127.0170143,2025-03-24
강북장애인단체총연합회,삼양-50,삼양동,서울특별시 강북구 삼양로 197,37.62143044,127.0202374,2025-03-24
강북장애인단체총연합회,수유2-36,수유2동,서울특별시 강북구 노해로35길 75,37.64840083,127.0216175,2025-03-24
강북장애인단체총연합회,삼양-65,삼양동,서울특별시 강북구 인수봉로 36,37.62318355,127.0132703,2025-03-24
강북장애인단체총연합회,미아3-23,미아동,서울특별시 강북구 도봉로59길 30,37.62815594,127.0228682,2025-03-24
강북장애인단체총연합회,송중9-48,송중동,서울특별시 강북구 오패산로 203,37.61996388,127.0325246,2025-03-24
강북장애인단체총연합회,우이-45,우이동,서울특별시 강북구 삼양로139가길 25-6,37.65049268,127.0120483,2025-03-24
강북장애인단체총연합회,수유1-26,수유1동,서울특별시 강북구 삼양로73길 21,37.63012612,127.0170646,2025-03-24
강북장애인단체총연합회,삼양-21,삼양동,서울특별시 강북구 솔매로17길 27,37.62630157,127.0154835,2025-03-24
강북장애인단체총연합회,송천5-45,송천동,서울특별시 강북구 숭인로7나길 19,37.61421787,127.0251685,2025-03-24
강북장애인단체총연합회,인수-27,인수동,서울특별시 강북구 삼각산로 16,37.63840824,127.0064862,2025-03-24
강북장애인단체총연합회,번2-41,번2동,서울특별시 강북구 덕릉로40나길 14,37.63436018,127.0311486,2025-03-24
강북장애인단체총연합회,인수-42,인수동,서울특별시 강북구 인수봉로61길 38-9,37.63806133,127.0113176,2025-03-24
강북장애인단체총연합회,수유3-25,수유3동,서울특별시 강북구 삼양로98길 11,37.63873731,127.0178237,2025-03-24
강북장애인단체총연합회,번1-12,번1동,서울특별시 강북구 오패산로67길 39,37.63560558,127.0259093,2025-03-24
강북장애인단체총연합회,미아3-51,미아동,서울특별시 강북구 솔매로54길 27,37.62570231,127.0290857,2025-03-24
강북장애인단체총연합회,송천5-16,송천동,서울특별시 강북구 삼양로46가길 31,37.62376621,127.0194025,2025-03-24
강북장애인단체총연합회,우이-73,우이동,서울특별시 강북구 삼양로123길 6-23,37.64597337,127.014669,2025-03-24
강북장애인단체총연합회,번2-6,번2동,서울특별시 강북구 오현로25가길 61,37.6259667,127.0349619,2025-03-24
강북장애인단체총연합회,송중9-4,송중동,서울특별시 강북구 오패산로52가길 7,37.62374199,127.031762,2025-03-24
강북장애인단체총연합회,수유2-35,수유2동,서울특별시 강북구 노해로35길 89,37.64875623,127.0210123,2025-03-24
강북장애인단체총연합회,송중9-19,송중동,서울특별시 강북구 오패산로52라길 7,37.62501175,127.0327765,2025-03-24
강북장애인단체총연합회,우이-16,우이동,서울특별시 강북구 삼양로173가길 18,37.6627424,127.0115348,2025-03-24
강북장애인단체총연합회,인수-70,인수동,서울특별시 강북구 도봉로81길 41,37.63495005,127.0207287,2025-03-24
강북장애인단체총연합회,수유3-53,수유3동,서울특별시 강북구 한천로150길 78,37.64441502,127.0266782,2025-03-24
강북장애인단체총연합회,번1-40,번1동,서울특별시 강북구 도봉로96가길 15-21,37.64032922,127.0305613,2025-03-24
강북장애인단체총연합회,송중8-10,송중동,서울특별시 강북구 월계로21다길 20,37.61560928,127.0388335,2025-03-24
강북장애인단체총연합회,수유1-54,수유1동,서울특별시 강북구 삼양로80나길 32,37.63246702,127.0201041,2025-03-24
강북장애인단체총연합회,삼양-49,삼양동,서울특별시 강북구 삼양로35가길 26,37.62138557,127.0191732,2025-03-24
강북장애인단체총연합회,번2-40,번2동,서울특별시 강북구 덕릉로40나길 22,37.63440021,127.0316353,2025-03-24
강북장애인단체총연합회,삼양-64,삼양동,서울특별시 강북구 인수봉로8길 4,37.62241823,127.013337,2025-03-24
강북장애인단체총연합회,미아3-22,미아동,서울특별시 강북구 솔매로45길 56,37.62846841,127.0246995,2025-03-24
강북장애인단체총연합회,송중9-47,송중동,서울특별시 강북구 도봉로34길 45,37.62247138,127.0306457,2025-03-24
강북장애인단체총연합회,우이-44,우이동,서울특별시 강북구 삼양로139가길 43-8,37.65102224,127.0118033,2025-03-24
강북장애인단체총연합회,수유1-25,수유1동,서울특별시 강북구 삼양로 319,37.63185077,127.0175064,2025-03-24
강북장애인단체총연합회,삼양-20,삼양동,서울특별시 강북구 솔매로17길 43,37.62646633,127.014711,2025-03-24
강북장애인단체총연합회,송천5-44,송천동,서울특별시 강북구 숭인로7나길 27,37.61438331,127.0255628,2025-03-24
강북장애인단체총연합회,인수-26,인수동,서울특별시 강북구 삼각산로 22,37.63873658,127.0069577,2025-03-24
강북장애인단체총연합회,수유2-34,수유2동,서울특별시 강북구 노해로35길 104,37.64893022,127.0202621,2025-03-24
강북장애인단체총연합회,인수-41,인수동,서울특별시 강북구 인수봉로 197,37.63737148,127.0128676,2025-03-24
강북장애인단체총연합회,수유3-24,수유3동,서울특별시 강북구 삼양로100길 10,37.63902118,127.0172875,2025-03-24
강북장애인단체총연합회,번1-11,번1동,서울특별시 강북구 오패산로67길 32,37.63585294,127.0264046,2025-03-24
강북장애인단체총연합회,미아3-50,미아동,서울특별시 강북구 도봉로50길 39,37.62598875,127.0288554,2025-03-24
강북장애인단체총연합회,송천5-15,송천동,서울특별시 강북구 도봉로41길 83,37.62222579,127.0227079,2025-03-24
강북장애인단체총연합회,우이-72,우이동,서울특별시 강북구 삼양로123길 14,37.64486683,127.0148763,2025-03-24
강북장애인단체총연합회,번2-5,번2동,서울특별시 강북구 오현로25가길 82,37.62560653,127.0338903,2025-03-24
강북장애인단체총연합회,송중9-3,송중동,서울특별시 강북구 오패산로52마길 20-9,37.62512526,127.0312343,2025-03-24
강북장애인단체총연합회,번2-39,번2동,서울특별시 강북구 덕릉로40다길 18,37.63415908,127.029701,2025-03-24
강북장애인단체총연합회,송천5-18,송천동,서울특별시 강북구 삼양로54마길 51,37.62208047,127.0247488,2025-03-24
강북장애인단체총연합회,우이-15,우이동,서울특별시 강북구 삼양로173나길 16,37.66335522,127.0104726,2025-03-24
강북장애인단체총연합회,인수-69,인수동,서울특별시 강북구 도봉로81길 16,37.63527701,127.0221293,2025-03-24
강북장애인단체총연합회,수유3-52,수유3동,서울특별시 강북구 도봉로101길 23,37.64331995,127.029378,2025-03-24
강북장애인단체총연합회,번1-39,번1동,서울특별시 강북구 도봉로96가길 21,37.64049539,127.0310464,2025-03-24
강북장애인단체총연합회,송중8-9,송중동,서울특별시 강북구 월계로21다길 8,37.61586724,127.0384224,2025-03-24
강북장애인단체총연합회,수유1-53,수유1동,서울특별시 강북구 삼양로80나길 45,37.63304437,127.0201872,2025-03-24
강북장애인단체총연합회,삼양-48,삼양동,서울특별시 강북구 솔샘로47나길 23,37.62139813,127.018516,2025-03-24
강북장애인단체총연합회,수유2-33,수유2동,서울특별시 강북구 노해로35길 113,37.6486741,127.0198008,2025-03-24
강북장애인단체총연합회,송중8-16,송중동,서울특별시 강북구 월계로 77,37.61341803,127.0375138,2025-03-24
강북장애인단체총연합회,미아3-21,미아동,서울특별시 강북구 도봉로57길 11-6,37.62754833,127.0245755,2025-03-24
강북장애인단체총연합회,송중9-46,송중동,서울특별시 강북구 도봉로28가길 28,37.62235073,127.0313156,2025-03-24
강북장애인단체총연합회,우이-43,우이동,서울특별시 강북구 삼양로139가길 43,37.651078,127.0120065,2025-03-24
강북장애인단체총연합회,수유1-24,수유1동,서울특별시 강북구 삼양로81길 25,37.63125394,127.016166,2025-03-24
강북장애인단체총연합회,삼양-19,삼양동,서울특별시 강북구 솔매로7다길 11,37.62633406,127.0139764,2025-03-24
강북장애인단체총연합회,송천5-43,송천동,서울특별시 강북구 숭인로7나길 27-1,37.61442873,127.0256075,2025-03-24
강북장애인단체총연합회,인수-25,인수동,서울특별시 강북구 삼각산로 40,37.63921137,127.0087756,2025-03-24
강북장애인단체총연합회,번2-38,번2동,서울특별시 강북구 오현로21길26,37.62620677,127.0356725,2025-03-24
강북장애인단체총연합회,미아3-49,미아동,서울특별시 강북구 솔매로 148,37.62673392,127.0285285,2025-03-24
